file,line,type,commit,author,date,time,timezone,datetime,depth,length
style.css,1,css,5998c9e8,Rayyan Khalid,2025-04-11,21:01:01,-07:00,2025-04-11T21:01:01-07:00,0,6
style.css,2,css,beb7b6a6,Rayyan Khalid,2025-04-18,17:03:00,-07:00,2025-04-18T17:03:00-07:00,0,32
style.css,3,css,beb7b6a6,Rayyan Khalid,2025-04-18,17:03:00,-07:00,2025-04-18T17:03:00-07:00,0,24
style.css,4,css,5998c9e8,Rayyan Khalid,2025-04-11,21:01:01,-07:00,2025-04-11T21:01:01-07:00,0,0
style.css,5,css,5998c9e8,Rayyan Khalid,2025-04-11,21:01:01,-07:00,2025-04-11T21:01:01-07:00,0,0
style.css,6,css,beb7b6a6,Rayyan Khalid,2025-04-18,17:03:00,-07:00,2025-04-18T17:03:00-07:00,0,0
style.css,7,css,5998c9e8,Rayyan Khalid,2025-04-11,21:01:01,-07:00,2025-04-11T21:01:01-07:00,0,5
style.css,8,css,5998c9e8,Rayyan Khalid,2025-04-11,21:01:01,-07:00,2025-04-11T21:01:01-07:00,0,33
style.css,9,css,5998c9e8,Rayyan Khalid,2025-04-11,21:01:01,-07:00,2025-04-11T21:01:01-07:00,0,0
style.css,10,css,5998c9e8,Rayyan Khalid,2025-04-11,21:01:01,-07:00,2025-04-11T21:01:01-07:00,0,0
style.css,11,css,17ff03ab,Rayyan Khalid,2025-04-04,18:18:44,-07:00,2025-04-04T18:18:44-07:00,0,5
style.css,12,css,5998c9e8,Rayyan Khalid,2025-04-11,21:01:01,-07:00,2025-04-11T21:01:01-07:00,0,24
style.css,13,css,5998c9e8,Rayyan Khalid,2025-04-11,21:01:01,-07:00,2025-04-11T21:01:01-07:00,0,9
style.css,14,css,5998c9e8,Rayyan Khalid,2025-04-11,21:01:01,-07:00,2025-04-11T21:01:01-07:00,0,10
style.css,15,css,beb7b6a6,Rayyan Khalid,2025-04-18,17:03:00,-07:00,2025-04-18T17:03:00-07:00,0,24
style.css,16,css,beb7b6a6,Rayyan Khalid,2025-04-18,17:03:00,-07:00,2025-04-18T17:03:00-07:00,0,17
style.css,17,css,5998c9e8,Rayyan Khalid,2025-04-11,21:01:01,-07:00,2025-04-11T21:01:01-07:00,0,0
style.css,18,css,5998c9e8,Rayyan Khalid,2025-04-11,21:01:01,-07:00,2025-04-11T21:01:01-07:00,0,0
style.css,19,css,5998c9e8,Rayyan Khalid,2025-04-11,21:01:01,-07:00,2025-04-11T21:01:01-07:00,0,23
style.css,20,css,5998c9e8,Rayyan Khalid,2025-04-11,21:01:01,-07:00,2025-04-11T21:01:01-07:00,0,4
style.css,21,css,5998c9e8,Rayyan Khalid,2025-04-11,21:01:01,-07:00,2025-04-11T21:01:01-07:00,0,13
style.css,22,css,5998c9e8,Rayyan Khalid,2025-04-11,21:01:01,-07:00,2025-04-11T21:01:01-07:00,0,29
style.css,23,css,5998c9e8,Rayyan Khalid,2025-04-11,21:01:01,-07:00,2025-04-11T21:01:01-07:00,0,23
style.css,24,css,beb7b6a6,Rayyan Khalid,2025-04-18,17:03:00,-07:00,2025-04-18T17:03:00-07:00,0,40
style.css,25,css,beb7b6a6,Rayyan Khalid,2025-04-18,17:03:00,-07:00,2025-04-18T17:03:00-07:00,0,44
style.css,26,css,5998c9e8,Rayyan Khalid,2025-04-11,21:01:01,-07:00,2025-04-11T21:01:01-07:00,0,20
style.css,27,css,5998c9e8,Rayyan Khalid,2025-04-11,21:01:01,-07:00,2025-04-11T21:01:01-07:00,0,18
style.css,28,css,5998c9e8,Rayyan Khalid,2025-04-11,21:01:01,-07:00,2025-04-11T21:01:01-07:00,0,0
style.css,29,css,5998c9e8,Rayyan Khalid,2025-04-11,21:01:01,-07:00,2025-04-11T21:01:01-07:00,0,0
style.css,30,css,5998c9e8,Rayyan Khalid,2025-04-11,21:01:01,-07:00,2025-04-11T21:01:01-07:00,0,6
style.css,31,css,5998c9e8,Rayyan Khalid,2025-04-11,21:01:01,-07:00,2025-04-11T21:01:01-07:00,0,7
style.css,32,css,5998c9e8,Rayyan Khalid,2025-04-11,21:01:01,-07:00,2025-04-11T21:01:01-07:00,0,18
style.css,33,css,5998c9e8,Rayyan Khalid,2025-04-11,21:01:01,-07:00,2025-04-11T21:01:01-07:00,0,21
style.css,34,css,5998c9e8,Rayyan Khalid,2025-04-11,21:01:01,-07:00,2025-04-11T21:01:01-07:00,0,14
style.css,35,css,5998c9e8,Rayyan Khalid,2025-04-11,21:01:01,-07:00,2025-04-11T21:01:01-07:00,0,14
style.css,36,css,5998c9e8,Rayyan Khalid,2025-04-11,21:01:01,-07:00,2025-04-11T21:01:01-07:00,0,53
style.css,37,css,5998c9e8,Rayyan Khalid,2025-04-11,21:01:01,-07:00,2025-04-11T21:01:01-07:00,0,0
style.css,38,css,5998c9e8,Rayyan Khalid,2025-04-11,21:01:01,-07:00,2025-04-11T21:01:01-07:00,0,0
style.css,39,css,5998c9e8,Rayyan Khalid,2025-04-11,21:01:01,-07:00,2025-04-11T21:01:01-07:00,0,27
style.css,40,css,5998c9e8,Rayyan Khalid,2025-04-11,21:01:01,-07:00,2025-04-11T21:01:01-07:00,0,14
style.css,41,css,5998c9e8,Rayyan Khalid,2025-04-11,21:01:01,-07:00,2025-04-11T21:01:01-07:00,0,44
style.css,42,css,5998c9e8,Rayyan Khalid,2025-04-11,21:01:01,-07:00,2025-04-11T21:01:01-07:00,0,21
style.css,43,css,5998c9e8,Rayyan Khalid,2025-04-11,21:01:01,-07:00,2025-04-11T21:01:01-07:00,0,0
style.css,44,css,5998c9e8,Rayyan Khalid,2025-04-11,21:01:01,-07:00,2025-04-11T21:01:01-07:00,0,0
style.css,45,css,5998c9e8,Rayyan Khalid,2025-04-11,21:01:01,-07:00,2025-04-11T21:01:01-07:00,0,17
style.css,46,css,5998c9e8,Rayyan Khalid,2025-04-11,21:01:01,-07:00,2025-04-11T21:01:01-07:00,0,12
style.css,47,css,5998c9e8,Rayyan Khalid,2025-04-11,21:01:01,-07:00,2025-04-11T21:01:01-07:00,0,46
style.css,48,css,beb7b6a6,Rayyan Khalid,2025-04-18,17:03:00,-07:00,2025-04-18T17:03:00-07:00,0,70
style.css,49,css,beb7b6a6,Rayyan Khalid,2025-04-18,17:03:00,-07:00,2025-04-18T17:03:00-07:00,0,0
style.css,50,css,beb7b6a6,Rayyan Khalid,2025-04-18,17:03:00,-07:00,2025-04-18T17:03:00-07:00,0,0
style.css,51,css,beb7b6a6,Rayyan Khalid,2025-04-18,17:03:00,-07:00,2025-04-18T17:03:00-07:00,0,19
style.css,52,css,beb7b6a6,Rayyan Khalid,2025-04-18,17:03:00,-07:00,2025-04-18T17:03:00-07:00,0,18
style.css,53,css,beb7b6a6,Rayyan Khalid,2025-04-18,17:03:00,-07:00,2025-04-18T17:03:00-07:00,0,9
style.css,54,css,beb7b6a6,Rayyan Khalid,2025-04-18,17:03:00,-07:00,2025-04-18T17:03:00-07:00,0,11
style.css,55,css,beb7b6a6,Rayyan Khalid,2025-04-18,17:03:00,-07:00,2025-04-18T17:03:00-07:00,0,14
style.css,56,css,beb7b6a6,Rayyan Khalid,2025-04-18,17:03:00,-07:00,2025-04-18T17:03:00-07:00,0,20
style.css,57,css,beb7b6a6,Rayyan Khalid,2025-04-18,17:03:00,-07:00,2025-04-18T17:03:00-07:00,0,14
style.css,58,css,beb7b6a6,Rayyan Khalid,2025-04-18,17:03:00,-07:00,2025-04-18T17:03:00-07:00,0,0
style.css,59,css,beb7b6a6,Rayyan Khalid,2025-04-18,17:03:00,-07:00,2025-04-18T17:03:00-07:00,0,0
style.css,60,css,beb7b6a6,Rayyan Khalid,2025-04-18,17:03:00,-07:00,2025-04-18T17:03:00-07:00,0,26
style.css,61,css,beb7b6a6,Rayyan Khalid,2025-04-18,17:03:00,-07:00,2025-04-18T17:03:00-07:00,0,20
style.css,62,css,beb7b6a6,Rayyan Khalid,2025-04-18,17:03:00,-07:00,2025-04-18T17:03:00-07:00,0,18
style.css,63,css,beb7b6a6,Rayyan Khalid,2025-04-18,17:03:00,-07:00,2025-04-18T17:03:00-07:00,0,25
style.css,64,css,beb7b6a6,Rayyan Khalid,2025-04-18,17:03:00,-07:00,2025-04-18T17:03:00-07:00,0,14
style.css,65,css,beb7b6a6,Rayyan Khalid,2025-04-18,17:03:00,-07:00,2025-04-18T17:03:00-07:00,0,37
style.css,66,css,beb7b6a6,Rayyan Khalid,2025-04-18,17:03:00,-07:00,2025-04-18T17:03:00-07:00,0,20
style.css,67,css,beb7b6a6,Rayyan Khalid,2025-04-18,17:03:00,-07:00,2025-04-18T17:03:00-07:00,0,15
style.css,68,css,5998c9e8,Rayyan Khalid,2025-04-11,21:01:01,-07:00,2025-04-11T21:01:01-07:00,0,0
style.css,69,css,5998c9e8,Rayyan Khalid,2025-04-11,21:01:01,-07:00,2025-04-11T21:01:01-07:00,0,0
style.css,70,css,5998c9e8,Rayyan Khalid,2025-04-11,21:01:01,-07:00,2025-04-11T21:01:01-07:00,0,5
style.css,71,css,5998c9e8,Rayyan Khalid,2025-04-11,21:01:01,-07:00,2025-04-11T21:01:01-07:00,0,13
style.css,72,css,5998c9e8,Rayyan Khalid,2025-04-11,21:01:01,-07:00,2025-04-11T21:01:01-07:00,0,31
style.css,73,css,5998c9e8,Rayyan Khalid,2025-04-11,21:01:01,-07:00,2025-04-11T21:01:01-07:00,0,8
style.css,74,css,5998c9e8,Rayyan Khalid,2025-04-11,21:01:01,-07:00,2025-04-11T21:01:01-07:00,0,16
style.css,75,css,5998c9e8,Rayyan Khalid,2025-04-11,21:01:01,-07:00,2025-04-11T21:01:01-07:00,0,16
style.css,76,css,5998c9e8,Rayyan Khalid,2025-04-11,21:01:01,-07:00,2025-04-11T21:01:01-07:00,0,13
style.css,77,css,5998c9e8,Rayyan Khalid,2025-04-11,21:01:01,-07:00,2025-04-11T21:01:01-07:00,0,0
style.css,78,css,5998c9e8,Rayyan Khalid,2025-04-11,21:01:01,-07:00,2025-04-11T21:01:01-07:00,0,0
style.css,79,css,5998c9e8,Rayyan Khalid,2025-04-11,21:01:01,-07:00,2025-04-11T21:01:01-07:00,0,70
style.css,80,css,5998c9e8,Rayyan Khalid,2025-04-11,21:01:01,-07:00,2025-04-11T21:01:01-07:00,0,6
style.css,81,css,5998c9e8,Rayyan Khalid,2025-04-11,21:01:01,-07:00,2025-04-11T21:01:01-07:00,0,13
style.css,82,css,5998c9e8,Rayyan Khalid,2025-04-11,21:01:01,-07:00,2025-04-11T21:01:01-07:00,0,30
style.css,83,css,5998c9e8,Rayyan Khalid,2025-04-11,21:01:01,-07:00,2025-04-11T21:01:01-07:00,0,19
style.css,84,css,5998c9e8,Rayyan Khalid,2025-04-11,21:01:01,-07:00,2025-04-11T21:01:01-07:00,0,0
style.css,85,css,5998c9e8,Rayyan Khalid,2025-04-11,21:01:01,-07:00,2025-04-11T21:01:01-07:00,0,0
style.css,86,css,5998c9e8,Rayyan Khalid,2025-04-11,21:01:01,-07:00,2025-04-11T21:01:01-07:00,0,62
style.css,87,css,5998c9e8,Rayyan Khalid,2025-04-11,21:01:01,-07:00,2025-04-11T21:01:01-07:00,0,5
style.css,88,css,5998c9e8,Rayyan Khalid,2025-04-11,21:01:01,-07:00,2025-04-11T21:01:01-07:00,0,9
style.css,89,css,5998c9e8,Rayyan Khalid,2025-04-11,21:01:01,-07:00,2025-04-11T21:01:01-07:00,0,13
style.css,90,css,5998c9e8,Rayyan Khalid,2025-04-11,21:01:01,-07:00,2025-04-11T21:01:01-07:00,0,11
style.css,91,css,5998c9e8,Rayyan Khalid,2025-04-11,21:01:01,-07:00,2025-04-11T21:01:01-07:00,0,22
style.css,92,css,5998c9e8,Rayyan Khalid,2025-04-11,21:01:01,-07:00,2025-04-11T21:01:01-07:00,0,0
style.css,93,css,5998c9e8,Rayyan Khalid,2025-04-11,21:01:01,-07:00,2025-04-11T21:01:01-07:00,0,0
style.css,94,css,5998c9e8,Rayyan Khalid,2025-04-11,21:01:01,-07:00,2025-04-11T21:01:01-07:00,0,37
style.css,95,css,5998c9e8,Rayyan Khalid,2025-04-11,21:01:01,-07:00,2025-04-11T21:01:01-07:00,0,7
style.css,96,css,5998c9e8,Rayyan Khalid,2025-04-11,21:01:01,-07:00,2025-04-11T21:01:01-07:00,0,19
style.css,97,css,5998c9e8,Rayyan Khalid,2025-04-11,21:01:01,-07:00,2025-04-11T21:01:01-07:00,0,20
style.css,98,css,5998c9e8,Rayyan Khalid,2025-04-11,21:01:01,-07:00,2025-04-11T21:01:01-07:00,0,37
style.css,99,css,5998c9e8,Rayyan Khalid,2025-04-11,21:01:01,-07:00,2025-04-11T21:01:01-07:00,0,12
style.css,100,css,5998c9e8,Rayyan Khalid,2025-04-11,21:01:01,-07:00,2025-04-11T21:01:01-07:00,0,12
style.css,101,css,5998c9e8,Rayyan Khalid,2025-04-11,21:01:01,-07:00,2025-04-11T21:01:01-07:00,0,13
style.css,102,css,5998c9e8,Rayyan Khalid,2025-04-11,21:01:01,-07:00,2025-04-11T21:01:01-07:00,0,15
style.css,103,css,5998c9e8,Rayyan Khalid,2025-04-11,21:01:01,-07:00,2025-04-11T21:01:01-07:00,0,20
style.css,104,css,5998c9e8,Rayyan Khalid,2025-04-11,21:01:01,-07:00,2025-04-11T21:01:01-07:00,0,33
style.css,105,css,5998c9e8,Rayyan Khalid,2025-04-11,21:01:01,-07:00,2025-04-11T21:01:01-07:00,0,0
style.css,106,css,5998c9e8,Rayyan Khalid,2025-04-11,21:01:01,-07:00,2025-04-11T21:01:01-07:00,0,0
style.css,107,css,5998c9e8,Rayyan Khalid,2025-04-11,21:01:01,-07:00,2025-04-11T21:01:01-07:00,0,13
style.css,108,css,5998c9e8,Rayyan Khalid,2025-04-11,21:01:01,-07:00,2025-04-11T21:01:01-07:00,0,59
style.css,109,css,5998c9e8,Rayyan Khalid,2025-04-11,21:01:01,-07:00,2025-04-11T21:01:01-07:00,0,0
style.css,110,css,5998c9e8,Rayyan Khalid,2025-04-11,21:01:01,-07:00,2025-04-11T21:01:01-07:00,0,0
style.css,111,css,5998c9e8,Rayyan Khalid,2025-04-11,21:01:01,-07:00,2025-04-11T21:01:01-07:00,0,10
style.css,112,css,5998c9e8,Rayyan Khalid,2025-04-11,21:01:01,-07:00,2025-04-11T21:01:01-07:00,0,13
style.css,113,css,5998c9e8,Rayyan Khalid,2025-04-11,21:01:01,-07:00,2025-04-11T21:01:01-07:00,0,59
style.css,114,css,5998c9e8,Rayyan Khalid,2025-04-11,21:01:01,-07:00,2025-04-11T21:01:01-07:00,0,10
style.css,115,css,5998c9e8,Rayyan Khalid,2025-04-11,21:01:01,-07:00,2025-04-11T21:01:01-07:00,0,12
style.css,116,css,5998c9e8,Rayyan Khalid,2025-04-11,21:01:01,-07:00,2025-04-11T21:01:01-07:00,0,17
style.css,117,css,5998c9e8,Rayyan Khalid,2025-04-11,21:01:01,-07:00,2025-04-11T21:01:01-07:00,0,14
style.css,118,css,5998c9e8,Rayyan Khalid,2025-04-11,21:01:01,-07:00,2025-04-11T21:01:01-07:00,0,0
style.css,119,css,5998c9e8,Rayyan Khalid,2025-04-11,21:01:01,-07:00,2025-04-11T21:01:01-07:00,0,0
style.css,120,css,5998c9e8,Rayyan Khalid,2025-04-11,21:01:01,-07:00,2025-04-11T21:01:01-07:00,0,20
style.css,121,css,5998c9e8,Rayyan Khalid,2025-04-11,21:01:01,-07:00,2025-04-11T21:01:01-07:00,0,13
style.css,122,css,5998c9e8,Rayyan Khalid,2025-04-11,21:01:01,-07:00,2025-04-11T21:01:01-07:00,0,27
style.css,123,css,5998c9e8,Rayyan Khalid,2025-04-11,21:01:01,-07:00,2025-04-11T21:01:01-07:00,0,16
style.css,124,css,5998c9e8,Rayyan Khalid,2025-04-11,21:01:01,-07:00,2025-04-11T21:01:01-07:00,0,22
style.css,125,css,5998c9e8,Rayyan Khalid,2025-04-11,21:01:01,-07:00,2025-04-11T21:01:01-07:00,0,20
style.css,126,css,5998c9e8,Rayyan Khalid,2025-04-11,21:01:01,-07:00,2025-04-11T21:01:01-07:00,0,12
style.css,127,css,5998c9e8,Rayyan Khalid,2025-04-11,21:01:01,-07:00,2025-04-11T21:01:01-07:00,0,22
style.css,128,css,5998c9e8,Rayyan Khalid,2025-04-11,21:01:01,-07:00,2025-04-11T21:01:01-07:00,0,35
style.css,129,css,5998c9e8,Rayyan Khalid,2025-04-11,21:01:01,-07:00,2025-04-11T21:01:01-07:00,0,0
style.css,130,css,5998c9e8,Rayyan Khalid,2025-04-11,21:01:01,-07:00,2025-04-11T21:01:01-07:00,0,21
style.css,131,css,5998c9e8,Rayyan Khalid,2025-04-11,21:01:01,-07:00,2025-04-11T21:01:01-07:00,0,17
style.css,132,css,5998c9e8,Rayyan Khalid,2025-04-11,21:01:01,-07:00,2025-04-11T21:01:01-07:00,0,16
style.css,133,css,5998c9e8,Rayyan Khalid,2025-04-11,21:01:01,-07:00,2025-04-11T21:01:01-07:00,0,0
style.css,134,css,5998c9e8,Rayyan Khalid,2025-04-11,21:01:01,-07:00,2025-04-11T21:01:01-07:00,0,0
style.css,135,css,5998c9e8,Rayyan Khalid,2025-04-11,21:01:01,-07:00,2025-04-11T21:01:01-07:00,0,0
style.css,136,css,5998c9e8,Rayyan Khalid,2025-04-11,21:01:01,-07:00,2025-04-11T21:01:01-07:00,0,0
style.css,137,css,5998c9e8,Rayyan Khalid,2025-04-11,21:01:01,-07:00,2025-04-11T21:01:01-07:00,0,23
style.css,138,css,5998c9e8,Rayyan Khalid,2025-04-11,21:01:01,-07:00,2025-04-11T21:01:01-07:00,0,16
style.css,139,css,5998c9e8,Rayyan Khalid,2025-04-11,21:01:01,-07:00,2025-04-11T21:01:01-07:00,0,18
style.css,140,css,5998c9e8,Rayyan Khalid,2025-04-11,21:01:01,-07:00,2025-04-11T21:01:01-07:00,0,0
style.css,141,css,5998c9e8,Rayyan Khalid,2025-04-11,21:01:01,-07:00,2025-04-11T21:01:01-07:00,0,0
style.css,142,css,5998c9e8,Rayyan Khalid,2025-04-11,21:01:01,-07:00,2025-04-11T21:01:01-07:00,0,3
style.css,143,css,5998c9e8,Rayyan Khalid,2025-04-11,21:01:01,-07:00,2025-04-11T21:01:01-07:00,0,15
style.css,144,css,5998c9e8,Rayyan Khalid,2025-04-11,21:01:01,-07:00,2025-04-11T21:01:01-07:00,0,15
style.css,145,css,5998c9e8,Rayyan Khalid,2025-04-11,21:01:01,-07:00,2025-04-11T21:01:01-07:00,0,18
style.css,146,css,5998c9e8,Rayyan Khalid,2025-04-11,21:01:01,-07:00,2025-04-11T21:01:01-07:00,0,0
style.css,147,css,5998c9e8,Rayyan Khalid,2025-04-11,21:01:01,-07:00,2025-04-11T21:01:01-07:00,0,0
style.css,148,css,5998c9e8,Rayyan Khalid,2025-04-11,21:01:01,-07:00,2025-04-11T21:01:01-07:00,0,3
style.css,149,css,5998c9e8,Rayyan Khalid,2025-04-11,21:01:01,-07:00,2025-04-11T21:01:01-07:00,0,17
style.css,150,css,5998c9e8,Rayyan Khalid,2025-04-11,21:01:01,-07:00,2025-04-11T21:01:01-07:00,0,13
style.css,151,css,5998c9e8,Rayyan Khalid,2025-04-11,21:01:01,-07:00,2025-04-11T21:01:01-07:00,0,0
style.css,152,css,5998c9e8,Rayyan Khalid,2025-04-11,21:01:01,-07:00,2025-04-11T21:01:01-07:00,0,0
style.css,153,css,5998c9e8,Rayyan Khalid,2025-04-11,21:01:01,-07:00,2025-04-11T21:01:01-07:00,0,26
style.css,154,css,5998c9e8,Rayyan Khalid,2025-04-11,21:01:01,-07:00,2025-04-11T21:01:01-07:00,0,27
style.css,155,css,5998c9e8,Rayyan Khalid,2025-04-11,21:01:01,-07:00,2025-04-11T21:01:01-07:00,0,39
style.css,156,css,5998c9e8,Rayyan Khalid,2025-04-11,21:01:01,-07:00,2025-04-11T21:01:01-07:00,0,53
style.css,157,css,5998c9e8,Rayyan Khalid,2025-04-11,21:01:01,-07:00,2025-04-11T21:01:01-07:00,0,0
style.css,158,css,5998c9e8,Rayyan Khalid,2025-04-11,21:01:01,-07:00,2025-04-11T21:01:01-07:00,0,0
style.css,159,css,5998c9e8,Rayyan Khalid,2025-04-11,21:01:01,-07:00,2025-04-11T21:01:01-07:00,0,0
style.css,160,css,5998c9e8,Rayyan Khalid,2025-04-11,21:01:01,-07:00,2025-04-11T21:01:01-07:00,0,21
style.css,161,css,5998c9e8,Rayyan Khalid,2025-04-11,21:01:01,-07:00,2025-04-11T21:01:01-07:00,0,13
style.css,162,css,5998c9e8,Rayyan Khalid,2025-04-11,21:01:01,-07:00,2025-04-11T21:01:01-07:00,0,60
style.css,163,css,5998c9e8,Rayyan Khalid,2025-04-11,21:01:01,-07:00,2025-04-11T21:01:01-07:00,0,51
style.css,164,css,5998c9e8,Rayyan Khalid,2025-04-11,21:01:01,-07:00,2025-04-11T21:01:01-07:00,0,64
style.css,165,css,5998c9e8,Rayyan Khalid,2025-04-11,21:01:01,-07:00,2025-04-11T21:01:01-07:00,0,14
style.css,166,css,5998c9e8,Rayyan Khalid,2025-04-11,21:01:01,-07:00,2025-04-11T21:01:01-07:00,0,26
style.css,167,css,5998c9e8,Rayyan Khalid,2025-04-11,21:01:01,-07:00,2025-04-11T21:01:01-07:00,0,20
style.css,168,css,5998c9e8,Rayyan Khalid,2025-04-11,21:01:01,-07:00,2025-04-11T21:01:01-07:00,0,62
style.css,169,css,5998c9e8,Rayyan Khalid,2025-04-11,21:01:01,-07:00,2025-04-11T21:01:01-07:00,0,0
style.css,170,css,5998c9e8,Rayyan Khalid,2025-04-11,21:01:01,-07:00,2025-04-11T21:01:01-07:00,0,0
style.css,171,css,5998c9e8,Rayyan Khalid,2025-04-11,21:01:01,-07:00,2025-04-11T21:01:01-07:00,0,0
style.css,172,css,5998c9e8,Rayyan Khalid,2025-04-11,21:01:01,-07:00,2025-04-11T21:01:01-07:00,0,15
style.css,173,css,5998c9e8,Rayyan Khalid,2025-04-11,21:01:01,-07:00,2025-04-11T21:01:01-07:00,0,13
style.css,174,css,5998c9e8,Rayyan Khalid,2025-04-11,21:01:01,-07:00,2025-04-11T21:01:01-07:00,0,22
style.css,175,css,5998c9e8,Rayyan Khalid,2025-04-11,21:01:01,-07:00,2025-04-11T21:01:01-07:00,0,19
style.css,176,css,5998c9e8,Rayyan Khalid,2025-04-11,21:01:01,-07:00,2025-04-11T21:01:01-07:00,0,18
style.css,177,css,5998c9e8,Rayyan Khalid,2025-04-11,21:01:01,-07:00,2025-04-11T21:01:01-07:00,0,0
style.css,178,css,5998c9e8,Rayyan Khalid,2025-04-11,21:01:01,-07:00,2025-04-11T21:01:01-07:00,0,0
style.css,179,css,5998c9e8,Rayyan Khalid,2025-04-11,21:01:01,-07:00,2025-04-11T21:01:01-07:00,0,21
style.css,180,css,5998c9e8,Rayyan Khalid,2025-04-11,21:01:01,-07:00,2025-04-11T21:01:01-07:00,0,10
style.css,181,css,5998c9e8,Rayyan Khalid,2025-04-11,21:01:01,-07:00,2025-04-11T21:01:01-07:00,0,16
style.css,182,css,5998c9e8,Rayyan Khalid,2025-04-11,21:01:01,-07:00,2025-04-11T21:01:01-07:00,0,13
style.css,183,css,5998c9e8,Rayyan Khalid,2025-04-11,21:01:01,-07:00,2025-04-11T21:01:01-07:00,0,20
style.css,184,css,5998c9e8,Rayyan Khalid,2025-04-11,21:01:01,-07:00,2025-04-11T21:01:01-07:00,0,0
style.css,185,css,5998c9e8,Rayyan Khalid,2025-04-11,21:01:01,-07:00,2025-04-11T21:01:01-07:00,0,0
style.css,186,css,5998c9e8,Rayyan Khalid,2025-04-11,21:01:01,-07:00,2025-04-11T21:01:01-07:00,0,15
style.css,187,css,5998c9e8,Rayyan Khalid,2025-04-11,21:01:01,-07:00,2025-04-11T21:01:01-07:00,0,18
style.css,188,css,5998c9e8,Rayyan Khalid,2025-04-11,21:01:01,-07:00,2025-04-11T21:01:01-07:00,0,18
style.css,189,css,5998c9e8,Rayyan Khalid,2025-04-11,21:01:01,-07:00,2025-04-11T21:01:01-07:00,0,11
style.css,190,css,5998c9e8,Rayyan Khalid,2025-04-11,21:01:01,-07:00,2025-04-11T21:01:01-07:00,0,18
style.css,191,css,5998c9e8,Rayyan Khalid,2025-04-11,21:01:01,-07:00,2025-04-11T21:01:01-07:00,0,20
style.css,192,css,5998c9e8,Rayyan Khalid,2025-04-11,21:01:01,-07:00,2025-04-11T21:01:01-07:00,0,0
style.css,193,css,5998c9e8,Rayyan Khalid,2025-04-11,21:01:01,-07:00,2025-04-11T21:01:01-07:00,0,0
style.css,194,css,5998c9e8,Rayyan Khalid,2025-04-11,21:01:01,-07:00,2025-04-11T21:01:01-07:00,0,0
style.css,195,css,5998c9e8,Rayyan Khalid,2025-04-11,21:01:01,-07:00,2025-04-11T21:01:01-07:00,0,32
style.css,196,css,5998c9e8,Rayyan Khalid,2025-04-11,21:01:01,-07:00,2025-04-11T21:01:01-07:00,0,0
style.css,197,css,5998c9e8,Rayyan Khalid,2025-04-11,21:01:01,-07:00,2025-04-11T21:01:01-07:00,0,5
style.css,198,css,5998c9e8,Rayyan Khalid,2025-04-11,21:01:01,-07:00,2025-04-11T21:01:01-07:00,0,34
style.css,199,css,5998c9e8,Rayyan Khalid,2025-04-11,21:01:01,-07:00,2025-04-11T21:01:01-07:00,0,25
style.css,200,css,5998c9e8,Rayyan Khalid,2025-04-11,21:01:01,-07:00,2025-04-11T21:01:01-07:00,0,11
style.css,201,css,5998c9e8,Rayyan Khalid,2025-04-11,21:01:01,-07:00,2025-04-11T21:01:01-07:00,0,16
style.css,202,css,5998c9e8,Rayyan Khalid,2025-04-11,21:01:01,-07:00,2025-04-11T21:01:01-07:00,0,0
style.css,203,css,5998c9e8,Rayyan Khalid,2025-04-11,21:01:01,-07:00,2025-04-11T21:01:01-07:00,0,0
style.css,204,css,5998c9e8,Rayyan Khalid,2025-04-11,21:01:01,-07:00,2025-04-11T21:01:01-07:00,0,7
style.css,205,css,5998c9e8,Rayyan Khalid,2025-04-11,21:01:01,-07:00,2025-04-11T21:01:01-07:00,0,18
style.css,206,css,5998c9e8,Rayyan Khalid,2025-04-11,21:01:01,-07:00,2025-04-11T21:01:01-07:00,0,24
style.css,207,css,5998c9e8,Rayyan Khalid,2025-04-11,21:01:01,-07:00,2025-04-11T21:01:01-07:00,0,0
style.css,208,css,5998c9e8,Rayyan Khalid,2025-04-11,21:01:01,-07:00,2025-04-11T21:01:01-07:00,0,0
style.css,209,css,5998c9e8,Rayyan Khalid,2025-04-11,21:01:01,-07:00,2025-04-11T21:01:01-07:00,0,10
style.css,210,css,5998c9e8,Rayyan Khalid,2025-04-11,21:01:01,-07:00,2025-04-11T21:01:01-07:00,0,20
style.css,211,css,5998c9e8,Rayyan Khalid,2025-04-11,21:01:01,-07:00,2025-04-11T21:01:01-07:00,0,0
style.css,212,css,5998c9e8,Rayyan Khalid,2025-04-11,21:01:01,-07:00,2025-04-11T21:01:01-07:00,0,0
style.css,213,css,5998c9e8,Rayyan Khalid,2025-04-11,21:01:01,-07:00,2025-04-11T21:01:01-07:00,0,9
style.css,214,css,5998c9e8,Rayyan Khalid,2025-04-11,21:01:01,-07:00,2025-04-11T21:01:01-07:00,0,15
style.css,215,css,5998c9e8,Rayyan Khalid,2025-04-11,21:01:01,-07:00,2025-04-11T21:01:01-07:00,0,11
style.css,216,css,5998c9e8,Rayyan Khalid,2025-04-11,21:01:01,-07:00,2025-04-11T21:01:01-07:00,0,9
style.css,217,css,5998c9e8,Rayyan Khalid,2025-04-11,21:01:01,-07:00,2025-04-11T21:01:01-07:00,0,0
style.css,218,css,5998c9e8,Rayyan Khalid,2025-04-11,21:01:01,-07:00,2025-04-11T21:01:01-07:00,0,0
style.css,219,css,5998c9e8,Rayyan Khalid,2025-04-11,21:01:01,-07:00,2025-04-11T21:01:01-07:00,0,8
style.css,220,css,5998c9e8,Rayyan Khalid,2025-04-11,21:01:01,-07:00,2025-04-11T21:01:01-07:00,0,16
style.css,221,css,5998c9e8,Rayyan Khalid,2025-04-11,21:01:01,-07:00,2025-04-11T21:01:01-07:00,0,16
style.css,222,css,5998c9e8,Rayyan Khalid,2025-04-11,21:01:01,-07:00,2025-04-11T21:01:01-07:00,0,14
style.css,223,css,5998c9e8,Rayyan Khalid,2025-04-11,21:01:01,-07:00,2025-04-11T21:01:01-07:00,0,0
style.css,224,css,5998c9e8,Rayyan Khalid,2025-04-11,21:01:01,-07:00,2025-04-11T21:01:01-07:00,0,0
style.css,225,css,5998c9e8,Rayyan Khalid,2025-04-11,21:01:01,-07:00,2025-04-11T21:01:01-07:00,0,11
style.css,226,css,5998c9e8,Rayyan Khalid,2025-04-11,21:01:01,-07:00,2025-04-11T21:01:01-07:00,0,44
style.css,227,css,5998c9e8,Rayyan Khalid,2025-04-11,21:01:01,-07:00,2025-04-11T21:01:01-07:00,0,21
style.css,228,css,5998c9e8,Rayyan Khalid,2025-04-11,21:01:01,-07:00,2025-04-11T21:01:01-07:00,0,18
style.css,229,css,5998c9e8,Rayyan Khalid,2025-04-11,21:01:01,-07:00,2025-04-11T21:01:01-07:00,0,17
style.css,230,css,5998c9e8,Rayyan Khalid,2025-04-11,21:01:01,-07:00,2025-04-11T21:01:01-07:00,0,0
style.css,231,css,5998c9e8,Rayyan Khalid,2025-04-11,21:01:01,-07:00,2025-04-11T21:01:01-07:00,0,0
style.css,232,css,5998c9e8,Rayyan Khalid,2025-04-11,21:01:01,-07:00,2025-04-11T21:01:01-07:00,0,8
style.css,233,css,5998c9e8,Rayyan Khalid,2025-04-11,21:01:01,-07:00,2025-04-11T21:01:01-07:00,0,20
style.css,234,css,5998c9e8,Rayyan Khalid,2025-04-11,21:01:01,-07:00,2025-04-11T21:01:01-07:00,0,0
style.css,235,css,5998c9e8,Rayyan Khalid,2025-04-11,21:01:01,-07:00,2025-04-11T21:01:01-07:00,0,0
style.css,236,css,5998c9e8,Rayyan Khalid,2025-04-11,21:01:01,-07:00,2025-04-11T21:01:01-07:00,0,11
style.css,237,css,5998c9e8,Rayyan Khalid,2025-04-11,21:01:01,-07:00,2025-04-11T21:01:01-07:00,0,17
style.css,238,css,5998c9e8,Rayyan Khalid,2025-04-11,21:01:01,-07:00,2025-04-11T21:01:01-07:00,0,17
style.css,239,css,5998c9e8,Rayyan Khalid,2025-04-11,21:01:01,-07:00,2025-04-11T21:01:01-07:00,0,26
style.css,240,css,5998c9e8,Rayyan Khalid,2025-04-11,21:01:01,-07:00,2025-04-11T21:01:01-07:00,0,0
style.css,241,css,5998c9e8,Rayyan Khalid,2025-04-11,21:01:01,-07:00,2025-04-11T21:01:01-07:00,0,0
style.css,242,css,5998c9e8,Rayyan Khalid,2025-04-11,21:01:01,-07:00,2025-04-11T21:01:01-07:00,0,10
style.css,243,css,5998c9e8,Rayyan Khalid,2025-04-11,21:01:01,-07:00,2025-04-11T21:01:01-07:00,0,15
style.css,244,css,5998c9e8,Rayyan Khalid,2025-04-11,21:01:01,-07:00,2025-04-11T21:01:01-07:00,0,0
style.css,245,css,5998c9e8,Rayyan Khalid,2025-04-11,21:01:01,-07:00,2025-04-11T21:01:01-07:00,0,0
style.css,246,css,5998c9e8,Rayyan Khalid,2025-04-11,21:01:01,-07:00,2025-04-11T21:01:01-07:00,0,58
style.css,247,css,5998c9e8,Rayyan Khalid,2025-04-11,21:01:01,-07:00,2025-04-11T21:01:01-07:00,0,9
style.css,248,css,5998c9e8,Rayyan Khalid,2025-04-11,21:01:01,-07:00,2025-04-11T21:01:01-07:00,0,21
style.css,249,css,5998c9e8,Rayyan Khalid,2025-04-11,21:01:01,-07:00,2025-04-11T21:01:01-07:00,0,26
style.css,250,css,5998c9e8,Rayyan Khalid,2025-04-11,21:01:01,-07:00,2025-04-11T21:01:01-07:00,0,0
style.css,251,css,5998c9e8,Rayyan Khalid,2025-04-11,21:01:01,-07:00,2025-04-11T21:01:01-07:00,0,0
style.css,252,css,5998c9e8,Rayyan Khalid,2025-04-11,21:01:01,-07:00,2025-04-11T21:01:01-07:00,0,26
style.css,253,css,5998c9e8,Rayyan Khalid,2025-04-11,21:01:01,-07:00,2025-04-11T21:01:01-07:00,0,8
style.css,254,css,5998c9e8,Rayyan Khalid,2025-04-11,21:01:01,-07:00,2025-04-11T21:01:01-07:00,0,16
style.css,255,css,5998c9e8,Rayyan Khalid,2025-04-11,21:01:01,-07:00,2025-04-11T21:01:01-07:00,0,0
style.css,256,css,5998c9e8,Rayyan Khalid,2025-04-11,21:01:01,-07:00,2025-04-11T21:01:01-07:00,0,0
style.css,257,css,5998c9e8,Rayyan Khalid,2025-04-11,21:01:01,-07:00,2025-04-11T21:01:01-07:00,0,0
style.css,258,css,5998c9e8,Rayyan Khalid,2025-04-11,21:01:01,-07:00,2025-04-11T21:01:01-07:00,0,8
style.css,259,css,5998c9e8,Rayyan Khalid,2025-04-11,21:01:01,-07:00,2025-04-11T21:01:01-07:00,0,17
style.css,260,css,5998c9e8,Rayyan Khalid,2025-04-11,21:01:01,-07:00,2025-04-11T21:01:01-07:00,0,12
style.css,261,css,5998c9e8,Rayyan Khalid,2025-04-11,21:01:01,-07:00,2025-04-11T21:01:01-07:00,0,20
style.css,262,css,5998c9e8,Rayyan Khalid,2025-04-11,21:01:01,-07:00,2025-04-11T21:01:01-07:00,0,38
style.css,263,css,5998c9e8,Rayyan Khalid,2025-04-11,21:01:01,-07:00,2025-04-11T21:01:01-07:00,0,0
style.css,264,css,5998c9e8,Rayyan Khalid,2025-04-11,21:01:01,-07:00,2025-04-11T21:01:01-07:00,0,0
style.css,265,css,5998c9e8,Rayyan Khalid,2025-04-11,21:01:01,-07:00,2025-04-11T21:01:01-07:00,0,17
style.css,266,css,5998c9e8,Rayyan Khalid,2025-04-11,21:01:01,-07:00,2025-04-11T21:01:01-07:00,0,21
style.css,267,css,5998c9e8,Rayyan Khalid,2025-04-11,21:01:01,-07:00,2025-04-11T21:01:01-07:00,0,15
style.css,268,css,5998c9e8,Rayyan Khalid,2025-04-11,21:01:01,-07:00,2025-04-11T21:01:01-07:00,0,20
style.css,269,css,5998c9e8,Rayyan Khalid,2025-04-11,21:01:01,-07:00,2025-04-11T21:01:01-07:00,0,37
style.css,270,css,5998c9e8,Rayyan Khalid,2025-04-11,21:01:01,-07:00,2025-04-11T21:01:01-07:00,0,12
style.css,271,css,5998c9e8,Rayyan Khalid,2025-04-11,21:01:01,-07:00,2025-04-11T21:01:01-07:00,0,20
style.css,272,css,5998c9e8,Rayyan Khalid,2025-04-11,21:01:01,-07:00,2025-04-11T21:01:01-07:00,0,21
style.css,273,css,5998c9e8,Rayyan Khalid,2025-04-11,21:01:01,-07:00,2025-04-11T21:01:01-07:00,0,38
style.css,274,css,5998c9e8,Rayyan Khalid,2025-04-11,21:01:01,-07:00,2025-04-11T21:01:01-07:00,0,0
style.css,275,css,5998c9e8,Rayyan Khalid,2025-04-11,21:01:01,-07:00,2025-04-11T21:01:01-07:00,0,0
style.css,276,css,5998c9e8,Rayyan Khalid,2025-04-11,21:01:01,-07:00,2025-04-11T21:01:01-07:00,0,23
style.css,277,css,5998c9e8,Rayyan Khalid,2025-04-11,21:01:01,-07:00,2025-04-11T21:01:01-07:00,0,59
style.css,278,css,5998c9e8,Rayyan Khalid,2025-04-11,21:01:01,-07:00,2025-04-11T21:01:01-07:00,0,0
style.css,279,css,2dcbafc8,Rayyan Khalid,2025-04-26,23:58:58,-07:00,2025-04-26T23:58:58-07:00,0,0
style.css,280,css,2dcbafc8,Rayyan Khalid,2025-04-26,23:58:58,-07:00,2025-04-26T23:58:58-07:00,0,18
style.css,281,css,2dcbafc8,Rayyan Khalid,2025-04-26,23:58:58,-07:00,2025-04-26T23:58:58-07:00,0,13
style.css,282,css,2dcbafc8,Rayyan Khalid,2025-04-26,23:58:58,-07:00,2025-04-26T23:58:58-07:00,0,37
style.css,283,css,2dcbafc8,Rayyan Khalid,2025-04-26,23:58:58,-07:00,2025-04-26T23:58:58-07:00,0,8
style.css,284,css,2dcbafc8,Rayyan Khalid,2025-04-26,23:58:58,-07:00,2025-04-26T23:58:58-07:00,0,16
style.css,285,css,2dcbafc8,Rayyan Khalid,2025-04-26,23:58:58,-07:00,2025-04-26T23:58:58-07:00,0,14
style.css,286,css,2dcbafc8,Rayyan Khalid,2025-04-26,23:58:58,-07:00,2025-04-26T23:58:58-07:00,0,20
style.css,287,css,2dcbafc8,Rayyan Khalid,2025-04-26,23:58:58,-07:00,2025-04-26T23:58:58-07:00,0,37
style.css,288,css,2dcbafc8,Rayyan Khalid,2025-04-26,23:58:58,-07:00,2025-04-26T23:58:58-07:00,0,16
style.css,289,css,2dcbafc8,Rayyan Khalid,2025-04-26,23:58:58,-07:00,2025-04-26T23:58:58-07:00,0,16
style.css,290,css,2dcbafc8,Rayyan Khalid,2025-04-26,23:58:58,-07:00,2025-04-26T23:58:58-07:00,0,0
style.css,291,css,2dcbafc8,Rayyan Khalid,2025-04-26,23:58:58,-07:00,2025-04-26T23:58:58-07:00,0,0
style.css,292,css,2dcbafc8,Rayyan Khalid,2025-04-26,23:58:58,-07:00,2025-04-26T23:58:58-07:00,0,18
style.css,293,css,2dcbafc8,Rayyan Khalid,2025-04-26,23:58:58,-07:00,2025-04-26T23:58:58-07:00,0,17
style.css,294,css,2dcbafc8,Rayyan Khalid,2025-04-26,23:58:58,-07:00,2025-04-26T23:58:58-07:00,0,11
style.css,295,css,2dcbafc8,Rayyan Khalid,2025-04-26,23:58:58,-07:00,2025-04-26T23:58:58-07:00,0,18
style.css,296,css,2dcbafc8,Rayyan Khalid,2025-04-26,23:58:58,-07:00,2025-04-26T23:58:58-07:00,0,26
style.css,297,css,2dcbafc8,Rayyan Khalid,2025-04-26,23:58:58,-07:00,2025-04-26T23:58:58-07:00,0,0
style.css,298,css,2dcbafc8,Rayyan Khalid,2025-04-26,23:58:58,-07:00,2025-04-26T23:58:58-07:00,0,0
style.css,299,css,2dcbafc8,Rayyan Khalid,2025-04-26,23:58:58,-07:00,2025-04-26T23:58:58-07:00,0,18
style.css,300,css,2dcbafc8,Rayyan Khalid,2025-04-26,23:58:58,-07:00,2025-04-26T23:58:58-07:00,0,9
style.css,301,css,2dcbafc8,Rayyan Khalid,2025-04-26,23:58:58,-07:00,2025-04-26T23:58:58-07:00,0,11
style.css,302,css,2dcbafc8,Rayyan Khalid,2025-04-26,23:58:58,-07:00,2025-04-26T23:58:58-07:00,0,18
style.css,303,css,2dcbafc8,Rayyan Khalid,2025-04-26,23:58:58,-07:00,2025-04-26T23:58:58-07:00,0,17
style.css,304,css,2dcbafc8,Rayyan Khalid,2025-04-26,23:58:58,-07:00,2025-04-26T23:58:58-07:00,0,11
style.css,305,css,2dcbafc8,Rayyan Khalid,2025-04-26,23:58:58,-07:00,2025-04-26T23:58:58-07:00,0,0
style.css,306,css,18dad5dd,Rayyan Khalid,2025-05-03,18:51:42,-07:00,2025-05-03T18:51:42-07:00,0,0
style.css,307,css,18dad5dd,Rayyan Khalid,2025-05-03,18:51:42,-07:00,2025-05-03T18:51:42-07:00,0,14
style.css,308,css,18dad5dd,Rayyan Khalid,2025-05-03,18:51:42,-07:00,2025-05-03T18:51:42-07:00,0,31
style.css,309,css,18dad5dd,Rayyan Khalid,2025-05-03,18:51:42,-07:00,2025-05-03T18:51:42-07:00,0,35
style.css,310,css,18dad5dd,Rayyan Khalid,2025-05-03,18:51:42,-07:00,2025-05-03T18:51:42-07:00,0,11
style.css,311,css,18dad5dd,Rayyan Khalid,2025-05-03,18:51:42,-07:00,2025-05-03T18:51:42-07:00,0,16
style.css,312,css,18dad5dd,Rayyan Khalid,2025-05-03,18:51:42,-07:00,2025-05-03T18:51:42-07:00,0,17
style.css,313,css,18dad5dd,Rayyan Khalid,2025-05-03,18:51:42,-07:00,2025-05-03T18:51:42-07:00,0,0
style.css,314,css,18dad5dd,Rayyan Khalid,2025-05-03,18:51:42,-07:00,2025-05-03T18:51:42-07:00,0,0
style.css,315,css,18dad5dd,Rayyan Khalid,2025-05-03,18:51:42,-07:00,2025-05-03T18:51:42-07:00,0,19
style.css,316,css,18dad5dd,Rayyan Khalid,2025-05-03,18:51:42,-07:00,2025-05-03T18:51:42-07:00,0,15
style.css,317,css,18dad5dd,Rayyan Khalid,2025-05-03,18:51:42,-07:00,2025-05-03T18:51:42-07:00,0,17
style.css,318,css,18dad5dd,Rayyan Khalid,2025-05-03,18:51:42,-07:00,2025-05-03T18:51:42-07:00,0,17
style.css,319,css,18dad5dd,Rayyan Khalid,2025-05-03,18:51:42,-07:00,2025-05-03T18:51:42-07:00,0,0
style.css,320,css,18dad5dd,Rayyan Khalid,2025-05-03,18:51:42,-07:00,2025-05-03T18:51:42-07:00,0,0
style.css,321,css,18dad5dd,Rayyan Khalid,2025-05-03,18:51:42,-07:00,2025-05-03T18:51:42-07:00,0,24
style.css,322,css,18dad5dd,Rayyan Khalid,2025-05-03,18:51:42,-07:00,2025-05-03T18:51:42-07:00,0,13
style.css,323,css,18dad5dd,Rayyan Khalid,2025-05-03,18:51:42,-07:00,2025-05-03T18:51:42-07:00,0,23
style.css,324,css,18dad5dd,Rayyan Khalid,2025-05-03,18:51:42,-07:00,2025-05-03T18:51:42-07:00,0,8
style.css,325,css,18dad5dd,Rayyan Khalid,2025-05-03,18:51:42,-07:00,2025-05-03T18:51:42-07:00,0,17
style.css,326,css,18dad5dd,Rayyan Khalid,2025-05-03,18:51:42,-07:00,2025-05-03T18:51:42-07:00,0,0
style.css,327,css,18dad5dd,Rayyan Khalid,2025-05-03,18:51:42,-07:00,2025-05-03T18:51:42-07:00,0,0
style.css,328,css,18dad5dd,Rayyan Khalid,2025-05-03,18:51:42,-07:00,2025-05-03T18:51:42-07:00,0,8
style.css,329,css,18dad5dd,Rayyan Khalid,2025-05-03,18:51:42,-07:00,2025-05-03T18:51:42-07:00,0,13
style.css,330,css,18dad5dd,Rayyan Khalid,2025-05-03,18:51:42,-07:00,2025-05-03T18:51:42-07:00,0,58
style.css,331,css,18dad5dd,Rayyan Khalid,2025-05-03,18:51:42,-07:00,2025-05-03T18:51:42-07:00,0,16
style.css,332,css,18dad5dd,Rayyan Khalid,2025-05-03,18:51:42,-07:00,2025-05-03T18:51:42-07:00,0,12
style.css,333,css,18dad5dd,Rayyan Khalid,2025-05-03,18:51:42,-07:00,2025-05-03T18:51:42-07:00,0,9
style.css,334,css,18dad5dd,Rayyan Khalid,2025-05-03,18:51:42,-07:00,2025-05-03T18:51:42-07:00,0,22
style.css,335,css,18dad5dd,Rayyan Khalid,2025-05-03,18:51:42,-07:00,2025-05-03T18:51:42-07:00,0,7
style.css,336,css,18dad5dd,Rayyan Khalid,2025-05-03,18:51:42,-07:00,2025-05-03T18:51:42-07:00,0,0
style.css,337,css,18dad5dd,Rayyan Khalid,2025-05-03,18:51:42,-07:00,2025-05-03T18:51:42-07:00,0,0
style.css,338,css,18dad5dd,Rayyan Khalid,2025-05-03,18:51:42,-07:00,2025-05-03T18:51:42-07:00,0,13
style.css,339,css,18dad5dd,Rayyan Khalid,2025-05-03,18:51:42,-07:00,2025-05-03T18:51:42-07:00,0,13
style.css,340,css,18dad5dd,Rayyan Khalid,2025-05-03,18:51:42,-07:00,2025-05-03T18:51:42-07:00,0,19
style.css,341,css,18dad5dd,Rayyan Khalid,2025-05-03,18:51:42,-07:00,2025-05-03T18:51:42-07:00,0,10
style.css,342,css,18dad5dd,Rayyan Khalid,2025-05-03,18:51:42,-07:00,2025-05-03T18:51:42-07:00,0,0
style.css,343,css,18dad5dd,Rayyan Khalid,2025-05-03,18:51:42,-07:00,2025-05-03T18:51:42-07:00,0,0
style.css,344,css,18dad5dd,Rayyan Khalid,2025-05-03,18:51:42,-07:00,2025-05-03T18:51:42-07:00,0,21
style.css,345,css,18dad5dd,Rayyan Khalid,2025-05-03,18:51:42,-07:00,2025-05-03T18:51:42-07:00,0,21
style.css,346,css,18dad5dd,Rayyan Khalid,2025-05-03,18:51:42,-07:00,2025-05-03T18:51:42-07:00,0,10
style.css,347,css,18dad5dd,Rayyan Khalid,2025-05-03,18:51:42,-07:00,2025-05-03T18:51:42-07:00,0,11
style.css,348,css,18dad5dd,Rayyan Khalid,2025-05-03,18:51:42,-07:00,2025-05-03T18:51:42-07:00,0,30
style.css,349,css,18dad5dd,Rayyan Khalid,2025-05-03,18:51:42,-07:00,2025-05-03T18:51:42-07:00,0,21
style.css,350,css,18dad5dd,Rayyan Khalid,2025-05-03,18:51:42,-07:00,2025-05-03T18:51:42-07:00,0,0
style.css,351,css,18dad5dd,Rayyan Khalid,2025-05-03,18:51:42,-07:00,2025-05-03T18:51:42-07:00,0,0
style.css,352,css,18dad5dd,Rayyan Khalid,2025-05-03,18:51:42,-07:00,2025-05-03T18:51:42-07:00,0,5
style.css,353,css,18dad5dd,Rayyan Khalid,2025-05-03,18:51:42,-07:00,2025-05-03T18:51:42-07:00,0,15
style.css,354,css,18dad5dd,Rayyan Khalid,2025-05-03,18:51:42,-07:00,2025-05-03T18:51:42-07:00,0,17
style.css,355,css,18dad5dd,Rayyan Khalid,2025-05-03,18:51:42,-07:00,2025-05-03T18:51:42-07:00,0,0
style.css,356,css,18dad5dd,Rayyan Khalid,2025-05-03,18:51:42,-07:00,2025-05-03T18:51:42-07:00,0,0
style.css,357,css,18dad5dd,Rayyan Khalid,2025-05-03,18:51:42,-07:00,2025-05-03T18:51:42-07:00,0,37
style.css,358,css,18dad5dd,Rayyan Khalid,2025-05-03,18:51:42,-07:00,2025-05-03T18:51:42-07:00,0,12
style.css,359,css,18dad5dd,Rayyan Khalid,2025-05-03,18:51:42,-07:00,2025-05-03T18:51:42-07:00,0,0
style.css,360,css,18dad5dd,Rayyan Khalid,2025-05-03,18:51:42,-07:00,2025-05-03T18:51:42-07:00,0,0
style.css,361,css,18dad5dd,Rayyan Khalid,2025-05-03,18:51:42,-07:00,2025-05-03T18:51:42-07:00,0,10
style.css,362,css,18dad5dd,Rayyan Khalid,2025-05-03,18:51:42,-07:00,2025-05-03T18:51:42-07:00,0,36
style.css,363,css,18dad5dd,Rayyan Khalid,2025-05-03,18:51:42,-07:00,2025-05-03T18:51:42-07:00,0,0
style.css,364,css,18dad5dd,Rayyan Khalid,2025-05-03,18:51:42,-07:00,2025-05-03T18:51:42-07:00,0,0
style.css,365,css,18dad5dd,Rayyan Khalid,2025-05-03,18:51:42,-07:00,2025-05-03T18:51:42-07:00,0,15
style.css,366,css,18dad5dd,Rayyan Khalid,2025-05-03,18:51:42,-07:00,2025-05-03T18:51:42-07:00,0,18
style.css,367,css,18dad5dd,Rayyan Khalid,2025-05-03,18:51:42,-07:00,2025-05-03T18:51:42-07:00,0,0
style.css,368,css,18dad5dd,Rayyan Khalid,2025-05-03,18:51:42,-07:00,2025-05-03T18:51:42-07:00,0,0
style.css,369,css,18dad5dd,Rayyan Khalid,2025-05-03,18:51:42,-07:00,2025-05-03T18:51:42-07:00,0,30
style.css,370,css,18dad5dd,Rayyan Khalid,2025-05-03,18:51:42,-07:00,2025-05-03T18:51:42-07:00,0,30
style.css,371,css,18dad5dd,Rayyan Khalid,2025-05-03,18:51:42,-07:00,2025-05-03T18:51:42-07:00,0,0
index.js,1,js,2dcbafc8,Rayyan Khalid,2025-04-26,23:58:58,-07:00,2025-04-26T23:58:58-07:00,0,55
index.js,2,js,2dcbafc8,Rayyan Khalid,2025-04-26,23:58:58,-07:00,2025-04-26T23:58:58-07:00,0,0
index.js,3,js,2dcbafc8,Rayyan Khalid,2025-04-26,23:58:58,-07:00,2025-04-26T23:58:58-07:00,0,55
index.js,4,js,2dcbafc8,Rayyan Khalid,2025-04-26,23:58:58,-07:00,2025-04-26T23:58:58-07:00,0,43
index.js,5,js,2dcbafc8,Rayyan Khalid,2025-04-26,23:58:58,-07:00,2025-04-26T23:58:58-07:00,0,0
index.js,6,js,2dcbafc8,Rayyan Khalid,2025-04-26,23:58:58,-07:00,2025-04-26T23:58:58-07:00,0,61
index.js,7,js,2dcbafc8,Rayyan Khalid,2025-04-26,23:58:58,-07:00,2025-04-26T23:58:58-07:00,0,0
index.js,8,js,2dcbafc8,Rayyan Khalid,2025-04-26,23:58:58,-07:00,2025-04-26T23:58:58-07:00,0,55
index.js,9,js,2dcbafc8,Rayyan Khalid,2025-04-26,23:58:58,-07:00,2025-04-26T23:58:58-07:00,0,0
index.js,10,js,2dcbafc8,Rayyan Khalid,2025-04-26,23:58:58,-07:00,2025-04-26T23:58:58-07:00,0,60
index.js,11,js,2dcbafc8,Rayyan Khalid,2025-04-26,23:58:58,-07:00,2025-04-26T23:58:58-07:00,0,0
index.js,12,js,2dcbafc8,Rayyan Khalid,2025-04-26,23:58:58,-07:00,2025-04-26T23:58:58-07:00,0,61
index.js,13,js,2dcbafc8,Rayyan Khalid,2025-04-26,23:58:58,-07:00,2025-04-26T23:58:58-07:00,0,0
index.js,14,js,2dcbafc8,Rayyan Khalid,2025-04-26,23:58:58,-07:00,2025-04-26T23:58:58-07:00,0,18
index.js,15,js,2dcbafc8,Rayyan Khalid,2025-04-26,23:58:58,-07:00,2025-04-26T23:58:58-07:00,0,25
index.js,16,js,2dcbafc8,Rayyan Khalid,2025-04-26,23:58:58,-07:00,2025-04-26T23:58:58-07:00,0,3
index.js,17,js,2dcbafc8,Rayyan Khalid,2025-04-26,23:58:58,-07:00,2025-04-26T23:58:58-07:00,0,56
index.js,18,js,2dcbafc8,Rayyan Khalid,2025-04-26,23:58:58,-07:00,2025-04-26T23:58:58-07:00,0,56
index.js,19,js,2dcbafc8,Rayyan Khalid,2025-04-26,23:58:58,-07:00,2025-04-26T23:58:58-07:00,0,50
index.js,20,js,2dcbafc8,Rayyan Khalid,2025-04-26,23:58:58,-07:00,2025-04-26T23:58:58-07:00,0,50
index.js,21,js,2dcbafc8,Rayyan Khalid,2025-04-26,23:58:58,-07:00,2025-04-26T23:58:58-07:00,0,4
index.js,22,js,2dcbafc8,Rayyan Khalid,2025-04-26,23:58:58,-07:00,2025-04-26T23:58:58-07:00,0,1
index.js,23,js,2dcbafc8,Rayyan Khalid,2025-04-26,23:58:58,-07:00,2025-04-26T23:58:58-07:00,0,0
index.js,24,js,2dcbafc8,Rayyan Khalid,2025-04-26,23:58:58,-07:00,2025-04-26T23:58:58-07:00,0,0
index.js,25,js,2dcbafc8,Rayyan Khalid,2025-04-26,23:58:58,-07:00,2025-04-26T23:58:58-07:00,0,0
index.js,26,js,2dcbafc8,Rayyan Khalid,2025-04-26,23:58:58,-07:00,2025-04-26T23:58:58-07:00,0,0
index.js,27,js,2dcbafc8,Rayyan Khalid,2025-04-26,23:58:58,-07:00,2025-04-26T23:58:58-07:00,0,0
index.js,28,js,2dcbafc8,Rayyan Khalid,2025-04-26,23:58:58,-07:00,2025-04-26T23:58:58-07:00,0,0
index.js,29,js,2dcbafc8,Rayyan Khalid,2025-04-26,23:58:58,-07:00,2025-04-26T23:58:58-07:00,0,23
index.html,1,html,ed378769,Rayyan Khalid,2025-04-04,16:03:22,-07:00,2025-04-04T16:03:22-07:00,0,14
index.html,2,html,ed378769,Rayyan Khalid,2025-04-04,16:03:22,-07:00,2025-04-04T16:03:22-07:00,0,15
index.html,3,html,ed378769,Rayyan Khalid,2025-04-04,16:03:22,-07:00,2025-04-04T16:03:22-07:00,0,5
index.html,4,html,ed378769,Rayyan Khalid,2025-04-04,16:03:22,-07:00,2025-04-04T16:03:22-07:00,0,21
index.html,5,html,ed378769,Rayyan Khalid,2025-04-04,16:03:22,-07:00,2025-04-04T16:03:22-07:00,0,69
index.html,6,html,ed378769,Rayyan Khalid,2025-04-04,16:03:22,-07:00,2025-04-04T16:03:22-07:00,0,56
index.html,7,html,5998c9e8,Rayyan Khalid,2025-04-11,21:01:01,-07:00,2025-04-11T21:01:01-07:00,0,39
index.html,8,html,17ff03ab,Rayyan Khalid,2025-04-04,18:18:44,-07:00,2025-04-04T18:18:44-07:00,0,6
index.html,9,html,17ff03ab,Rayyan Khalid,2025-04-04,18:18:44,-07:00,2025-04-04T18:18:44-07:00,0,11
index.html,10,html,5998c9e8,Rayyan Khalid,2025-04-11,21:01:01,-07:00,2025-04-11T21:01:01-07:00,0,15
index.html,11,html,5998c9e8,Rayyan Khalid,2025-04-11,21:01:01,-07:00,2025-04-11T21:01:01-07:00,0,12
index.html,12,html,5998c9e8,Rayyan Khalid,2025-04-11,21:01:01,-07:00,2025-04-11T21:01:01-07:00,0,14
index.html,13,html,5998c9e8,Rayyan Khalid,2025-04-11,21:01:01,-07:00,2025-04-11T21:01:01-07:00,0,14
index.html,14,html,17ff03ab,Rayyan Khalid,2025-04-04,18:18:44,-07:00,2025-04-04T18:18:44-07:00,0,0
index.html,15,html,17ff03ab,Rayyan Khalid,2025-04-04,18:18:44,-07:00,2025-04-04T18:18:44-07:00,0,15
index.html,16,html,17ff03ab,Rayyan Khalid,2025-04-04,18:18:44,-07:00,2025-04-04T18:18:44-07:00,0,18
index.html,17,html,17ff03ab,Rayyan Khalid,2025-04-04,18:18:44,-07:00,2025-04-04T18:18:44-07:00,0,13
index.html,18,html,17ff03ab,Rayyan Khalid,2025-04-04,18:18:44,-07:00,2025-04-04T18:18:44-07:00,0,0
index.html,19,html,17ff03ab,Rayyan Khalid,2025-04-04,18:18:44,-07:00,2025-04-04T18:18:44-07:00,0,7
index.html,20,html,ed378769,Rayyan Khalid,2025-04-04,16:03:22,-07:00,2025-04-04T16:03:22-07:00,0,0
index.html,21,html,ed378769,Rayyan Khalid,2025-04-04,16:03:22,-07:00,2025-04-04T16:03:22-07:00,0,6
index.html,22,html,ed378769,Rayyan Khalid,2025-04-04,16:03:22,-07:00,2025-04-04T16:03:22-07:00,0,5
index.html,23,html,17ff03ab,Rayyan Khalid,2025-04-04,18:18:44,-07:00,2025-04-04T18:18:44-07:00,0,0
index.html,24,html,ed378769,Rayyan Khalid,2025-04-04,16:03:22,-07:00,2025-04-04T16:03:22-07:00,0,21
index.html,25,html,17ff03ab,Rayyan Khalid,2025-04-04,18:18:44,-07:00,2025-04-04T18:18:44-07:00,0,1301
index.html,26,html,17ff03ab,Rayyan Khalid,2025-04-04,18:18:44,-07:00,2025-04-04T18:18:44-07:00,0,0
index.html,27,html,17ff03ab,Rayyan Khalid,2025-04-04,18:18:44,-07:00,2025-04-04T18:18:44-07:00,0,0
index.html,28,html,17ff03ab,Rayyan Khalid,2025-04-04,18:18:44,-07:00,2025-04-04T18:18:44-07:00,0,7
index.html,29,html,17ff03ab,Rayyan Khalid,2025-04-04,18:18:44,-07:00,2025-04-04T18:18:44-07:00,0,200
index.html,30,html,17ff03ab,Rayyan Khalid,2025-04-04,18:18:44,-07:00,2025-04-04T18:18:44-07:00,0,8
index.html,31,html,17ff03ab,Rayyan Khalid,2025-04-04,18:18:44,-07:00,2025-04-04T18:18:44-07:00,0,0
index.html,32,html,17ff03ab,Rayyan Khalid,2025-04-04,18:18:44,-07:00,2025-04-04T18:18:44-07:00,0,103
index.html,33,html,17ff03ab,Rayyan Khalid,2025-04-04,18:18:44,-07:00,2025-04-04T18:18:44-07:00,0,86
index.html,34,html,beb7b6a6,Rayyan Khalid,2025-04-18,17:03:00,-07:00,2025-04-18T17:03:00-07:00,0,46
index.html,35,html,17ff03ab,Rayyan Khalid,2025-04-04,18:18:44,-07:00,2025-04-04T18:18:44-07:00,0,0
index.html,36,html,2dcbafc8,Rayyan Khalid,2025-04-26,23:58:58,-07:00,2025-04-26T23:58:58-07:00,0,23
index.html,37,html,2dcbafc8,Rayyan Khalid,2025-04-26,23:58:58,-07:00,2025-04-26T23:58:58-07:00,0,21
index.html,38,html,2dcbafc8,Rayyan Khalid,2025-04-26,23:58:58,-07:00,2025-04-26T23:58:58-07:00,0,59
index.html,39,html,2dcbafc8,Rayyan Khalid,2025-04-26,23:58:58,-07:00,2025-04-26T23:58:58-07:00,0,5
index.html,40,html,2dcbafc8,Rayyan Khalid,2025-04-26,23:58:58,-07:00,2025-04-26T23:58:58-07:00,0,0
index.html,41,html,2dcbafc8,Rayyan Khalid,2025-04-26,23:58:58,-07:00,2025-04-26T23:58:58-07:00,0,0
index.html,42,html,2dcbafc8,Rayyan Khalid,2025-04-26,23:58:58,-07:00,2025-04-26T23:58:58-07:00,0,20
index.html,43,html,2dcbafc8,Rayyan Khalid,2025-04-26,23:58:58,-07:00,2025-04-26T23:58:58-07:00,0,23
index.html,44,html,2dcbafc8,Rayyan Khalid,2025-04-26,23:58:58,-07:00,2025-04-26T23:58:58-07:00,0,5
index.html,45,html,2dcbafc8,Rayyan Khalid,2025-04-26,23:58:58,-07:00,2025-04-26T23:58:58-07:00,0,0
index.html,46,html,2dcbafc8,Rayyan Khalid,2025-04-26,23:58:58,-07:00,2025-04-26T23:58:58-07:00,0,0
index.html,47,html,2dcbafc8,Rayyan Khalid,2025-04-26,23:58:58,-07:00,2025-04-26T23:58:58-07:00,0,0
index.html,48,html,2dcbafc8,Rayyan Khalid,2025-04-26,23:58:58,-07:00,2025-04-26T23:58:58-07:00,0,48
index.html,49,html,2dcbafc8,Rayyan Khalid,2025-04-26,23:58:58,-07:00,2025-04-26T23:58:58-07:00,0,53
index.html,50,html,2dcbafc8,Rayyan Khalid,2025-04-26,23:58:58,-07:00,2025-04-26T23:58:58-07:00,0,0
index.html,51,html,2dcbafc8,Rayyan Khalid,2025-04-26,23:58:58,-07:00,2025-04-26T23:58:58-07:00,0,0
index.html,52,html,ed378769,Rayyan Khalid,2025-04-04,16:03:22,-07:00,2025-04-04T16:03:22-07:00,0,6
index.html,53,html,fc4a7a8a,rayyankhalid7777,2025-04-11,23:49:21,-07:00,2025-04-11T23:49:21-07:00,0,6
global.js,1,js,beb7b6a6,Rayyan Khalid,2025-04-18,17:03:00,-07:00,2025-04-18T17:03:00-07:00,0,26
global.js,2,js,beb7b6a6,Rayyan Khalid,2025-04-18,17:03:00,-07:00,2025-04-18T17:03:00-07:00,0,0
global.js,3,js,beb7b6a6,Rayyan Khalid,2025-04-18,17:03:00,-07:00,2025-04-18T17:03:00-07:00,0,42
global.js,4,js,beb7b6a6,Rayyan Khalid,2025-04-18,17:03:00,-07:00,2025-04-18T17:03:00-07:00,0,53
global.js,5,js,beb7b6a6,Rayyan Khalid,2025-04-18,17:03:00,-07:00,2025-04-18T17:03:00-07:00,0,0
global.js,6,js,beb7b6a6,Rayyan Khalid,2025-04-18,17:03:00,-07:00,2025-04-18T17:03:00-07:00,0,0
global.js,7,js,beb7b6a6,Rayyan Khalid,2025-04-18,17:03:00,-07:00,2025-04-18T17:03:00-07:00,0,28
global.js,8,js,beb7b6a6,Rayyan Khalid,2025-04-18,17:03:00,-07:00,2025-04-18T17:03:00-07:00,0,0
global.js,9,js,beb7b6a6,Rayyan Khalid,2025-04-18,17:03:00,-07:00,2025-04-18T17:03:00-07:00,0,33
global.js,10,js,beb7b6a6,Rayyan Khalid,2025-04-18,17:03:00,-07:00,2025-04-18T17:03:00-07:00,0,66
global.js,11,js,beb7b6a6,Rayyan Khalid,2025-04-18,17:03:00,-07:00,2025-04-18T17:03:00-07:00,0,1
global.js,12,js,beb7b6a6,Rayyan Khalid,2025-04-18,17:03:00,-07:00,2025-04-18T17:03:00-07:00,0,0
global.js,13,js,beb7b6a6,Rayyan Khalid,2025-04-18,17:03:00,-07:00,2025-04-18T17:03:00-07:00,0,37
global.js,14,js,beb7b6a6,Rayyan Khalid,2025-04-18,17:03:00,-07:00,2025-04-18T17:03:00-07:00,0,0
global.js,15,js,beb7b6a6,Rayyan Khalid,2025-04-18,17:03:00,-07:00,2025-04-18T17:03:00-07:00,0,16
global.js,16,js,beb7b6a6,Rayyan Khalid,2025-04-18,17:03:00,-07:00,2025-04-18T17:03:00-07:00,0,69
global.js,17,js,beb7b6a6,Rayyan Khalid,2025-04-18,17:03:00,-07:00,2025-04-18T17:03:00-07:00,0,20
global.js,18,js,beb7b6a6,Rayyan Khalid,2025-04-18,17:03:00,-07:00,2025-04-18T17:03:00-07:00,0,55
global.js,19,js,beb7b6a6,Rayyan Khalid,2025-04-18,17:03:00,-07:00,2025-04-18T17:03:00-07:00,0,0
global.js,20,js,beb7b6a6,Rayyan Khalid,2025-04-18,17:03:00,-07:00,2025-04-18T17:03:00-07:00,0,12
global.js,21,js,beb7b6a6,Rayyan Khalid,2025-04-18,17:03:00,-07:00,2025-04-18T17:03:00-07:00,0,26
global.js,22,js,beb7b6a6,Rayyan Khalid,2025-04-18,17:03:00,-07:00,2025-04-18T17:03:00-07:00,0,39
global.js,23,js,beb7b6a6,Rayyan Khalid,2025-04-18,17:03:00,-07:00,2025-04-18T17:03:00-07:00,0,35
global.js,24,js,beb7b6a6,Rayyan Khalid,2025-04-18,17:03:00,-07:00,2025-04-18T17:03:00-07:00,0,37
global.js,25,js,beb7b6a6,Rayyan Khalid,2025-04-18,17:03:00,-07:00,2025-04-18T17:03:00-07:00,0,62
global.js,26,js,00000000,Not Committed Yet,2025-05-09,18:48:19,-07:00,2025-05-09T18:48:19-07:00,0,31
global.js,27,js,00000000,Not Committed Yet,2025-05-09,18:48:19,-07:00,2025-05-09T18:48:19-07:00,0,0
global.js,28,js,beb7b6a6,Rayyan Khalid,2025-04-18,17:03:00,-07:00,2025-04-18T17:03:00-07:00,0,1
global.js,29,js,beb7b6a6,Rayyan Khalid,2025-04-18,17:03:00,-07:00,2025-04-18T17:03:00-07:00,0,0
global.js,30,js,beb7b6a6,Rayyan Khalid,2025-04-18,17:03:00,-07:00,2025-04-18T17:03:00-07:00,0,50
global.js,31,js,beb7b6a6,Rayyan Khalid,2025-04-18,17:03:00,-07:00,2025-04-18T17:03:00-07:00,0,39
global.js,32,js,beb7b6a6,Rayyan Khalid,2025-04-18,17:03:00,-07:00,2025-04-18T17:03:00-07:00,0,26
global.js,33,js,beb7b6a6,Rayyan Khalid,2025-04-18,17:03:00,-07:00,2025-04-18T17:03:00-07:00,0,0
global.js,34,js,beb7b6a6,Rayyan Khalid,2025-04-18,17:03:00,-07:00,2025-04-18T17:03:00-07:00,0,37
global.js,35,js,beb7b6a6,Rayyan Khalid,2025-04-18,17:03:00,-07:00,2025-04-18T17:03:00-07:00,0,21
global.js,36,js,beb7b6a6,Rayyan Khalid,2025-04-18,17:03:00,-07:00,2025-04-18T17:03:00-07:00,0,63
global.js,37,js,beb7b6a6,Rayyan Khalid,2025-04-18,17:03:00,-07:00,2025-04-18T17:03:00-07:00,0,0
global.js,38,js,beb7b6a6,Rayyan Khalid,2025-04-18,17:03:00,-07:00,2025-04-18T17:03:00-07:00,0,35
global.js,39,js,beb7b6a6,Rayyan Khalid,2025-04-18,17:03:00,-07:00,2025-04-18T17:03:00-07:00,0,12
global.js,40,js,beb7b6a6,Rayyan Khalid,2025-04-18,17:03:00,-07:00,2025-04-18T17:03:00-07:00,0,23
global.js,41,js,beb7b6a6,Rayyan Khalid,2025-04-18,17:03:00,-07:00,2025-04-18T17:03:00-07:00,0,0
global.js,42,js,beb7b6a6,Rayyan Khalid,2025-04-18,17:03:00,-07:00,2025-04-18T17:03:00-07:00,0,24
global.js,43,js,beb7b6a6,Rayyan Khalid,2025-04-18,17:03:00,-07:00,2025-04-18T17:03:00-07:00,0,18
global.js,44,js,beb7b6a6,Rayyan Khalid,2025-04-18,17:03:00,-07:00,2025-04-18T17:03:00-07:00,0,9
global.js,45,js,beb7b6a6,Rayyan Khalid,2025-04-18,17:03:00,-07:00,2025-04-18T17:03:00-07:00,0,59
global.js,46,js,beb7b6a6,Rayyan Khalid,2025-04-18,17:03:00,-07:00,2025-04-18T17:03:00-07:00,0,1
global.js,47,js,beb7b6a6,Rayyan Khalid,2025-04-18,17:03:00,-07:00,2025-04-18T17:03:00-07:00,0,0
global.js,48,js,beb7b6a6,Rayyan Khalid,2025-04-18,17:03:00,-07:00,2025-04-18T17:03:00-07:00,0,32
global.js,49,js,beb7b6a6,Rayyan Khalid,2025-04-18,17:03:00,-07:00,2025-04-18T17:03:00-07:00,0,30
global.js,50,js,beb7b6a6,Rayyan Khalid,2025-04-18,17:03:00,-07:00,2025-04-18T17:03:00-07:00,0,19
global.js,51,js,beb7b6a6,Rayyan Khalid,2025-04-18,17:03:00,-07:00,2025-04-18T17:03:00-07:00,0,0
global.js,52,js,beb7b6a6,Rayyan Khalid,2025-04-18,17:03:00,-07:00,2025-04-18T17:03:00-07:00,0,0
global.js,53,js,beb7b6a6,Rayyan Khalid,2025-04-18,17:03:00,-07:00,2025-04-18T17:03:00-07:00,0,13
global.js,54,js,beb7b6a6,Rayyan Khalid,2025-04-18,17:03:00,-07:00,2025-04-18T17:03:00-07:00,0,0
global.js,55,js,beb7b6a6,Rayyan Khalid,2025-04-18,17:03:00,-07:00,2025-04-18T17:03:00-07:00,0,0
global.js,56,js,beb7b6a6,Rayyan Khalid,2025-04-18,17:03:00,-07:00,2025-04-18T17:03:00-07:00,0,32
global.js,57,js,beb7b6a6,Rayyan Khalid,2025-04-18,17:03:00,-07:00,2025-04-18T17:03:00-07:00,0,12
global.js,58,js,beb7b6a6,Rayyan Khalid,2025-04-18,17:03:00,-07:00,2025-04-18T17:03:00-07:00,0,0
global.js,59,js,beb7b6a6,Rayyan Khalid,2025-04-18,17:03:00,-07:00,2025-04-18T17:03:00-07:00,0,27
global.js,60,js,beb7b6a6,Rayyan Khalid,2025-04-18,17:03:00,-07:00,2025-04-18T17:03:00-07:00,0,5
global.js,61,js,beb7b6a6,Rayyan Khalid,2025-04-18,17:03:00,-07:00,2025-04-18T17:03:00-07:00,0,7
global.js,62,js,beb7b6a6,Rayyan Khalid,2025-04-18,17:03:00,-07:00,2025-04-18T17:03:00-07:00,0,44
global.js,63,js,beb7b6a6,Rayyan Khalid,2025-04-18,17:03:00,-07:00,2025-04-18T17:03:00-07:00,0,35
global.js,64,js,beb7b6a6,Rayyan Khalid,2025-04-18,17:03:00,-07:00,2025-04-18T17:03:00-07:00,0,33
global.js,65,js,beb7b6a6,Rayyan Khalid,2025-04-18,17:03:00,-07:00,2025-04-18T17:03:00-07:00,0,8
global.js,66,js,beb7b6a6,Rayyan Khalid,2025-04-18,17:03:00,-07:00,2025-04-18T17:03:00-07:00,0,7
global.js,67,js,beb7b6a6,Rayyan Khalid,2025-04-18,17:03:00,-07:00,2025-04-18T17:03:00-07:00,0,0
global.js,68,js,beb7b6a6,Rayyan Khalid,2025-04-18,17:03:00,-07:00,2025-04-18T17:03:00-07:00,0,1
global.js,69,js,beb7b6a6,Rayyan Khalid,2025-04-18,17:03:00,-07:00,2025-04-18T17:03:00-07:00,0,0
global.js,70,js,beb7b6a6,Rayyan Khalid,2025-04-18,17:03:00,-07:00,2025-04-18T17:03:00-07:00,0,27
global.js,71,js,beb7b6a6,Rayyan Khalid,2025-04-18,17:03:00,-07:00,2025-04-18T17:03:00-07:00,0,61
global.js,72,js,beb7b6a6,Rayyan Khalid,2025-04-18,17:03:00,-07:00,2025-04-18T17:03:00-07:00,0,0
global.js,73,js,beb7b6a6,Rayyan Khalid,2025-04-18,17:03:00,-07:00,2025-04-18T17:03:00-07:00,0,40
global.js,74,js,beb7b6a6,Rayyan Khalid,2025-04-18,17:03:00,-07:00,2025-04-18T17:03:00-07:00,0,31
global.js,75,js,beb7b6a6,Rayyan Khalid,2025-04-18,17:03:00,-07:00,2025-04-18T17:03:00-07:00,0,65
global.js,76,js,beb7b6a6,Rayyan Khalid,2025-04-18,17:03:00,-07:00,2025-04-18T17:03:00-07:00,0,0
global.js,77,js,beb7b6a6,Rayyan Khalid,2025-04-18,17:03:00,-07:00,2025-04-18T17:03:00-07:00,0,0
global.js,78,js,beb7b6a6,Rayyan Khalid,2025-04-18,17:03:00,-07:00,2025-04-18T17:03:00-07:00,0,56
global.js,79,js,beb7b6a6,Rayyan Khalid,2025-04-18,17:03:00,-07:00,2025-04-18T17:03:00-07:00,0,35
global.js,80,js,beb7b6a6,Rayyan Khalid,2025-04-18,17:03:00,-07:00,2025-04-18T17:03:00-07:00,0,40
global.js,81,js,beb7b6a6,Rayyan Khalid,2025-04-18,17:03:00,-07:00,2025-04-18T17:03:00-07:00,0,39
global.js,82,js,beb7b6a6,Rayyan Khalid,2025-04-18,17:03:00,-07:00,2025-04-18T17:03:00-07:00,0,0
global.js,83,js,beb7b6a6,Rayyan Khalid,2025-04-18,17:03:00,-07:00,2025-04-18T17:03:00-07:00,0,0
global.js,84,js,beb7b6a6,Rayyan Khalid,2025-04-18,17:03:00,-07:00,2025-04-18T17:03:00-07:00,0,25
global.js,85,js,beb7b6a6,Rayyan Khalid,2025-04-18,17:03:00,-07:00,2025-04-18T17:03:00-07:00,0,44
global.js,86,js,beb7b6a6,Rayyan Khalid,2025-04-18,17:03:00,-07:00,2025-04-18T17:03:00-07:00,0,32
global.js,87,js,beb7b6a6,Rayyan Khalid,2025-04-18,17:03:00,-07:00,2025-04-18T17:03:00-07:00,0,21
global.js,88,js,beb7b6a6,Rayyan Khalid,2025-04-18,17:03:00,-07:00,2025-04-18T17:03:00-07:00,0,32
global.js,89,js,beb7b6a6,Rayyan Khalid,2025-04-18,17:03:00,-07:00,2025-04-18T17:03:00-07:00,0,45
global.js,90,js,beb7b6a6,Rayyan Khalid,2025-04-18,17:03:00,-07:00,2025-04-18T17:03:00-07:00,0,2
global.js,91,js,beb7b6a6,Rayyan Khalid,2025-04-18,17:03:00,-07:00,2025-04-18T17:03:00-07:00,0,0
global.js,92,js,beb7b6a6,Rayyan Khalid,2025-04-18,17:03:00,-07:00,2025-04-18T17:03:00-07:00,0,43
global.js,93,js,beb7b6a6,Rayyan Khalid,2025-04-18,17:03:00,-07:00,2025-04-18T17:03:00-07:00,0,0
global.js,94,js,beb7b6a6,Rayyan Khalid,2025-04-18,17:03:00,-07:00,2025-04-18T17:03:00-07:00,0,44
global.js,95,js,beb7b6a6,Rayyan Khalid,2025-04-18,17:03:00,-07:00,2025-04-18T17:03:00-07:00,0,57
global.js,96,js,beb7b6a6,Rayyan Khalid,2025-04-18,17:03:00,-07:00,2025-04-18T17:03:00-07:00,0,0
global.js,97,js,beb7b6a6,Rayyan Khalid,2025-04-18,17:03:00,-07:00,2025-04-18T17:03:00-07:00,0,31
global.js,98,js,beb7b6a6,Rayyan Khalid,2025-04-18,17:03:00,-07:00,2025-04-18T17:03:00-07:00,0,17
global.js,99,js,beb7b6a6,Rayyan Khalid,2025-04-18,17:03:00,-07:00,2025-04-18T17:03:00-07:00,0,0
global.js,100,js,beb7b6a6,Rayyan Khalid,2025-04-18,17:03:00,-07:00,2025-04-18T17:03:00-07:00,0,32
global.js,101,js,beb7b6a6,Rayyan Khalid,2025-04-18,17:03:00,-07:00,2025-04-18T17:03:00-07:00,0,51
global.js,102,js,beb7b6a6,Rayyan Khalid,2025-04-18,17:03:00,-07:00,2025-04-18T17:03:00-07:00,0,0
global.js,103,js,beb7b6a6,Rayyan Khalid,2025-04-18,17:03:00,-07:00,2025-04-18T17:03:00-07:00,0,0
global.js,104,js,beb7b6a6,Rayyan Khalid,2025-04-18,17:03:00,-07:00,2025-04-18T17:03:00-07:00,0,48
global.js,105,js,beb7b6a6,Rayyan Khalid,2025-04-18,17:03:00,-07:00,2025-04-18T17:03:00-07:00,0,0
global.js,106,js,beb7b6a6,Rayyan Khalid,2025-04-18,17:03:00,-07:00,2025-04-18T17:03:00-07:00,0,73
global.js,107,js,2dcbafc8,Rayyan Khalid,2025-04-26,23:58:58,-07:00,2025-04-26T23:58:58-07:00,0,2
global.js,108,js,2dcbafc8,Rayyan Khalid,2025-04-26,23:58:58,-07:00,2025-04-26T23:58:58-07:00,0,0
global.js,109,js,2dcbafc8,Rayyan Khalid,2025-04-26,23:58:58,-07:00,2025-04-26T23:58:58-07:00,0,0
global.js,110,js,2dcbafc8,Rayyan Khalid,2025-04-26,23:58:58,-07:00,2025-04-26T23:58:58-07:00,0,37
global.js,111,js,2dcbafc8,Rayyan Khalid,2025-04-26,23:58:58,-07:00,2025-04-26T23:58:58-07:00,0,4
global.js,112,js,2dcbafc8,Rayyan Khalid,2025-04-26,23:58:58,-07:00,2025-04-26T23:58:58-07:00,0,33
global.js,113,js,2dcbafc8,Rayyan Khalid,2025-04-26,23:58:58,-07:00,2025-04-26T23:58:58-07:00,0,18
global.js,114,js,2dcbafc8,Rayyan Khalid,2025-04-26,23:58:58,-07:00,2025-04-26T23:58:58-07:00,0,67
global.js,115,js,2dcbafc8,Rayyan Khalid,2025-04-26,23:58:58,-07:00,2025-04-26T23:58:58-07:00,0,0
global.js,116,js,2dcbafc8,Rayyan Khalid,2025-04-26,23:58:58,-07:00,2025-04-26T23:58:58-07:00,0,34
global.js,117,js,2dcbafc8,Rayyan Khalid,2025-04-26,23:58:58,-07:00,2025-04-26T23:58:58-07:00,0,11
global.js,118,js,2dcbafc8,Rayyan Khalid,2025-04-26,23:58:58,-07:00,2025-04-26T23:58:58-07:00,0,16
global.js,119,js,2dcbafc8,Rayyan Khalid,2025-04-26,23:58:58,-07:00,2025-04-26T23:58:58-07:00,0,60
global.js,120,js,2dcbafc8,Rayyan Khalid,2025-04-26,23:58:58,-07:00,2025-04-26T23:58:58-07:00,0,0
global.js,121,js,2dcbafc8,Rayyan Khalid,2025-04-26,23:58:58,-07:00,2025-04-26T23:58:58-07:00,0,0
global.js,122,js,2dcbafc8,Rayyan Khalid,2025-04-26,23:58:58,-07:00,2025-04-26T23:58:58-07:00,0,0
global.js,123,js,2dcbafc8,Rayyan Khalid,2025-04-26,23:58:58,-07:00,2025-04-26T23:58:58-07:00,0,80
global.js,124,js,2dcbafc8,Rayyan Khalid,2025-04-26,23:58:58,-07:00,2025-04-26T23:58:58-07:00,0,31
global.js,125,js,2dcbafc8,Rayyan Khalid,2025-04-26,23:58:58,-07:00,2025-04-26T23:58:58-07:00,0,0
global.js,126,js,2dcbafc8,Rayyan Khalid,2025-04-26,23:58:58,-07:00,2025-04-26T23:58:58-07:00,0,30
global.js,127,js,2dcbafc8,Rayyan Khalid,2025-04-26,23:58:58,-07:00,2025-04-26T23:58:58-07:00,0,49
global.js,128,js,2dcbafc8,Rayyan Khalid,2025-04-26,23:58:58,-07:00,2025-04-26T23:58:58-07:00,0,20
global.js,129,js,18dad5dd,Rayyan Khalid,2025-05-03,18:51:42,-07:00,2025-05-03T18:51:42-07:00,0,24
global.js,130,js,2dcbafc8,Rayyan Khalid,2025-04-26,23:58:58,-07:00,2025-04-26T23:58:58-07:00,0,50
global.js,131,js,18dad5dd,Rayyan Khalid,2025-05-03,18:51:42,-07:00,2025-05-03T18:51:42-07:00,0,4
global.js,132,js,18dad5dd,Rayyan Khalid,2025-05-03,18:51:42,-07:00,2025-05-03T18:51:42-07:00,0,28
global.js,133,js,18dad5dd,Rayyan Khalid,2025-05-03,18:51:42,-07:00,2025-05-03T18:51:42-07:00,0,42
global.js,134,js,18dad5dd,Rayyan Khalid,2025-05-03,18:51:42,-07:00,2025-05-03T18:51:42-07:00,0,5
global.js,135,js,18dad5dd,Rayyan Khalid,2025-05-03,18:51:42,-07:00,2025-05-03T18:51:42-07:00,0,4
global.js,136,js,2dcbafc8,Rayyan Khalid,2025-04-26,23:58:58,-07:00,2025-04-26T23:58:58-07:00,0,37
global.js,137,js,2dcbafc8,Rayyan Khalid,2025-04-26,23:58:58,-07:00,2025-04-26T23:58:58-07:00,0,0
global.js,138,js,2dcbafc8,Rayyan Khalid,2025-04-26,23:58:58,-07:00,2025-04-26T23:58:58-07:00,0,0
global.js,139,js,2dcbafc8,Rayyan Khalid,2025-04-26,23:58:58,-07:00,2025-04-26T23:58:58-07:00,0,0
global.js,140,js,2dcbafc8,Rayyan Khalid,2025-04-26,23:58:58,-07:00,2025-04-26T23:58:58-07:00,0,48
global.js,141,js,2dcbafc8,Rayyan Khalid,2025-04-26,23:58:58,-07:00,2025-04-26T23:58:58-07:00,0,60
global.js,142,js,2dcbafc8,Rayyan Khalid,2025-04-26,23:58:58,-07:00,2025-04-26T23:58:58-07:00,0,0
global.js,143,js,2dcbafc8,Rayyan Khalid,2025-04-26,23:58:58,-07:00,2025-04-26T23:58:58-07:00,0,0
Resume/index.html,1,html,17ff03ab,Rayyan Khalid,2025-04-04,18:18:44,-07:00,2025-04-04T18:18:44-07:00,0,14
Resume/index.html,2,html,17ff03ab,Rayyan Khalid,2025-04-04,18:18:44,-07:00,2025-04-04T18:18:44-07:00,0,15
Resume/index.html,3,html,17ff03ab,Rayyan Khalid,2025-04-04,18:18:44,-07:00,2025-04-04T18:18:44-07:00,0,5
Resume/index.html,4,html,17ff03ab,Rayyan Khalid,2025-04-04,18:18:44,-07:00,2025-04-04T18:18:44-07:00,0,21
Resume/index.html,5,html,17ff03ab,Rayyan Khalid,2025-04-04,18:18:44,-07:00,2025-04-04T18:18:44-07:00,0,69
Resume/index.html,6,html,17ff03ab,Rayyan Khalid,2025-04-04,18:18:44,-07:00,2025-04-04T18:18:44-07:00,0,36
Resume/index.html,7,html,17ff03ab,Rayyan Khalid,2025-04-04,18:18:44,-07:00,2025-04-04T18:18:44-07:00,0,42
Resume/index.html,8,html,5998c9e8,Rayyan Khalid,2025-04-11,21:01:01,-07:00,2025-04-11T21:01:01-07:00,0,97
Resume/index.html,9,html,5998c9e8,Rayyan Khalid,2025-04-11,21:01:01,-07:00,2025-04-11T21:01:01-07:00,0,0
Resume/index.html,10,html,17ff03ab,Rayyan Khalid,2025-04-04,18:18:44,-07:00,2025-04-04T18:18:44-07:00,0,6
Resume/index.html,11,html,17ff03ab,Rayyan Khalid,2025-04-04,18:18:44,-07:00,2025-04-04T18:18:44-07:00,0,5
Resume/index.html,12,html,5998c9e8,Rayyan Khalid,2025-04-11,21:01:01,-07:00,2025-04-11T21:01:01-07:00,0,0
Resume/index.html,13,html,17ff03ab,Rayyan Khalid,2025-04-04,18:18:44,-07:00,2025-04-04T18:18:44-07:00,0,7
Resume/index.html,14,html,17ff03ab,Rayyan Khalid,2025-04-04,18:18:44,-07:00,2025-04-04T18:18:44-07:00,0,21
Resume/index.html,15,html,17ff03ab,Rayyan Khalid,2025-04-04,18:18:44,-07:00,2025-04-04T18:18:44-07:00,0,180
Resume/index.html,16,html,17ff03ab,Rayyan Khalid,2025-04-04,18:18:44,-07:00,2025-04-04T18:18:44-07:00,0,8
Resume/index.html,17,html,17ff03ab,Rayyan Khalid,2025-04-04,18:18:44,-07:00,2025-04-04T18:18:44-07:00,0,0
Resume/index.html,18,html,17ff03ab,Rayyan Khalid,2025-04-04,18:18:44,-07:00,2025-04-04T18:18:44-07:00,0,8
Resume/index.html,19,html,17ff03ab,Rayyan Khalid,2025-04-04,18:18:44,-07:00,2025-04-04T18:18:44-07:00,0,15
Resume/index.html,20,html,17ff03ab,Rayyan Khalid,2025-04-04,18:18:44,-07:00,2025-04-04T18:18:44-07:00,0,331
Resume/index.html,21,html,17ff03ab,Rayyan Khalid,2025-04-04,18:18:44,-07:00,2025-04-04T18:18:44-07:00,0,9
Resume/index.html,22,html,17ff03ab,Rayyan Khalid,2025-04-04,18:18:44,-07:00,2025-04-04T18:18:44-07:00,0,8
Resume/index.html,23,html,17ff03ab,Rayyan Khalid,2025-04-04,18:18:44,-07:00,2025-04-04T18:18:44-07:00,0,17
Resume/index.html,24,html,17ff03ab,Rayyan Khalid,2025-04-04,18:18:44,-07:00,2025-04-04T18:18:44-07:00,0,158
Resume/index.html,25,html,17ff03ab,Rayyan Khalid,2025-04-04,18:18:44,-07:00,2025-04-04T18:18:44-07:00,0,39
Resume/index.html,26,html,17ff03ab,Rayyan Khalid,2025-04-04,18:18:44,-07:00,2025-04-04T18:18:44-07:00,0,9
Resume/index.html,27,html,5998c9e8,Rayyan Khalid,2025-04-11,21:01:01,-07:00,2025-04-11T21:01:01-07:00,0,8
Resume/index.html,28,html,5998c9e8,Rayyan Khalid,2025-04-11,21:01:01,-07:00,2025-04-11T21:01:01-07:00,0,14
Resume/index.html,29,html,5998c9e8,Rayyan Khalid,2025-04-11,21:01:01,-07:00,2025-04-11T21:01:01-07:00,0,8
Resume/index.html,30,html,5998c9e8,Rayyan Khalid,2025-04-11,21:01:01,-07:00,2025-04-11T21:01:01-07:00,0,135
Resume/index.html,31,html,5998c9e8,Rayyan Khalid,2025-04-11,21:01:01,-07:00,2025-04-11T21:01:01-07:00,0,139
Resume/index.html,32,html,5998c9e8,Rayyan Khalid,2025-04-11,21:01:01,-07:00,2025-04-11T21:01:01-07:00,0,127
Resume/index.html,33,html,5998c9e8,Rayyan Khalid,2025-04-11,21:01:01,-07:00,2025-04-11T21:01:01-07:00,0,134
Resume/index.html,34,html,5998c9e8,Rayyan Khalid,2025-04-11,21:01:01,-07:00,2025-04-11T21:01:01-07:00,0,9
Resume/index.html,35,html,beb7b6a6,Rayyan Khalid,2025-04-18,17:03:00,-07:00,2025-04-18T17:03:00-07:00,0,9
Resume/index.html,36,html,beb7b6a6,Rayyan Khalid,2025-04-18,17:03:00,-07:00,2025-04-18T17:03:00-07:00,0,8
Resume/index.html,37,html,beb7b6a6,Rayyan Khalid,2025-04-18,17:03:00,-07:00,2025-04-18T17:03:00-07:00,0,23
Resume/index.html,38,html,beb7b6a6,Rayyan Khalid,2025-04-18,17:03:00,-07:00,2025-04-18T17:03:00-07:00,0,8
Resume/index.html,39,html,beb7b6a6,Rayyan Khalid,2025-04-18,17:03:00,-07:00,2025-04-18T17:03:00-07:00,0,79
Resume/index.html,40,html,beb7b6a6,Rayyan Khalid,2025-04-18,17:03:00,-07:00,2025-04-18T17:03:00-07:00,0,44
Resume/index.html,41,html,beb7b6a6,Rayyan Khalid,2025-04-18,17:03:00,-07:00,2025-04-18T17:03:00-07:00,0,3
Resume/index.html,42,html,beb7b6a6,Rayyan Khalid,2025-04-18,17:03:00,-07:00,2025-04-18T17:03:00-07:00,0,229
Resume/index.html,43,html,beb7b6a6,Rayyan Khalid,2025-04-18,17:03:00,-07:00,2025-04-18T17:03:00-07:00,0,124
Resume/index.html,44,html,beb7b6a6,Rayyan Khalid,2025-04-18,17:03:00,-07:00,2025-04-18T17:03:00-07:00,0,123
Resume/index.html,45,html,beb7b6a6,Rayyan Khalid,2025-04-18,17:03:00,-07:00,2025-04-18T17:03:00-07:00,0,78
Resume/index.html,46,html,beb7b6a6,Rayyan Khalid,2025-04-18,17:03:00,-07:00,2025-04-18T17:03:00-07:00,0,115
Resume/index.html,47,html,beb7b6a6,Rayyan Khalid,2025-04-18,17:03:00,-07:00,2025-04-18T17:03:00-07:00,0,236
Resume/index.html,48,html,beb7b6a6,Rayyan Khalid,2025-04-18,17:03:00,-07:00,2025-04-18T17:03:00-07:00,0,4
Resume/index.html,49,html,beb7b6a6,Rayyan Khalid,2025-04-18,17:03:00,-07:00,2025-04-18T17:03:00-07:00,0,9
Resume/index.html,50,html,17ff03ab,Rayyan Khalid,2025-04-04,18:18:44,-07:00,2025-04-04T18:18:44-07:00,0,8
Resume/index.html,51,html,beb7b6a6,Rayyan Khalid,2025-04-18,17:03:00,-07:00,2025-04-18T17:03:00-07:00,0,56
Resume/index.html,52,html,beb7b6a6,Rayyan Khalid,2025-04-18,17:03:00,-07:00,2025-04-18T17:03:00-07:00,0,47
Resume/index.html,53,html,beb7b6a6,Rayyan Khalid,2025-04-18,17:03:00,-07:00,2025-04-18T17:03:00-07:00,0,3
Resume/index.html,54,html,beb7b6a6,Rayyan Khalid,2025-04-18,17:03:00,-07:00,2025-04-18T17:03:00-07:00,0,123
Resume/index.html,55,html,beb7b6a6,Rayyan Khalid,2025-04-18,17:03:00,-07:00,2025-04-18T17:03:00-07:00,0,83
Resume/index.html,56,html,beb7b6a6,Rayyan Khalid,2025-04-18,17:03:00,-07:00,2025-04-18T17:03:00-07:00,0,117
Resume/index.html,57,html,beb7b6a6,Rayyan Khalid,2025-04-18,17:03:00,-07:00,2025-04-18T17:03:00-07:00,0,74
Resume/index.html,58,html,beb7b6a6,Rayyan Khalid,2025-04-18,17:03:00,-07:00,2025-04-18T17:03:00-07:00,0,122
Resume/index.html,59,html,beb7b6a6,Rayyan Khalid,2025-04-18,17:03:00,-07:00,2025-04-18T17:03:00-07:00,0,40
Resume/index.html,60,html,beb7b6a6,Rayyan Khalid,2025-04-18,17:03:00,-07:00,2025-04-18T17:03:00-07:00,0,4
Resume/index.html,61,html,17ff03ab,Rayyan Khalid,2025-04-04,18:18:44,-07:00,2025-04-04T18:18:44-07:00,0,9
Resume/index.html,62,html,beb7b6a6,Rayyan Khalid,2025-04-18,17:03:00,-07:00,2025-04-18T17:03:00-07:00,0,8
Resume/index.html,63,html,beb7b6a6,Rayyan Khalid,2025-04-18,17:03:00,-07:00,2025-04-18T17:03:00-07:00,0,57
Resume/index.html,64,html,beb7b6a6,Rayyan Khalid,2025-04-18,17:03:00,-07:00,2025-04-18T17:03:00-07:00,0,51
Resume/index.html,65,html,beb7b6a6,Rayyan Khalid,2025-04-18,17:03:00,-07:00,2025-04-18T17:03:00-07:00,0,3
Resume/index.html,66,html,beb7b6a6,Rayyan Khalid,2025-04-18,17:03:00,-07:00,2025-04-18T17:03:00-07:00,0,179
Resume/index.html,67,html,beb7b6a6,Rayyan Khalid,2025-04-18,17:03:00,-07:00,2025-04-18T17:03:00-07:00,0,193
Resume/index.html,68,html,beb7b6a6,Rayyan Khalid,2025-04-18,17:03:00,-07:00,2025-04-18T17:03:00-07:00,0,171
Resume/index.html,69,html,beb7b6a6,Rayyan Khalid,2025-04-18,17:03:00,-07:00,2025-04-18T17:03:00-07:00,0,4
Resume/index.html,70,html,beb7b6a6,Rayyan Khalid,2025-04-18,17:03:00,-07:00,2025-04-18T17:03:00-07:00,0,9
Resume/index.html,71,html,beb7b6a6,Rayyan Khalid,2025-04-18,17:03:00,-07:00,2025-04-18T17:03:00-07:00,0,0
Resume/index.html,72,html,beb7b6a6,Rayyan Khalid,2025-04-18,17:03:00,-07:00,2025-04-18T17:03:00-07:00,0,9
Resume/index.html,73,html,beb7b6a6,Rayyan Khalid,2025-04-18,17:03:00,-07:00,2025-04-18T17:03:00-07:00,0,8
Resume/index.html,74,html,beb7b6a6,Rayyan Khalid,2025-04-18,17:03:00,-07:00,2025-04-18T17:03:00-07:00,0,16
Resume/index.html,75,html,17ff03ab,Rayyan Khalid,2025-04-04,18:18:44,-07:00,2025-04-04T18:18:44-07:00,0,8
Resume/index.html,76,html,17ff03ab,Rayyan Khalid,2025-04-04,18:18:44,-07:00,2025-04-04T18:18:44-07:00,0,34
Resume/index.html,77,html,beb7b6a6,Rayyan Khalid,2025-04-18,17:03:00,-07:00,2025-04-18T17:03:00-07:00,0,3
Resume/index.html,78,html,beb7b6a6,Rayyan Khalid,2025-04-18,17:03:00,-07:00,2025-04-18T17:03:00-07:00,0,155
Resume/index.html,79,html,beb7b6a6,Rayyan Khalid,2025-04-18,17:03:00,-07:00,2025-04-18T17:03:00-07:00,0,226
Resume/index.html,80,html,beb7b6a6,Rayyan Khalid,2025-04-18,17:03:00,-07:00,2025-04-18T17:03:00-07:00,0,114
Resume/index.html,81,html,beb7b6a6,Rayyan Khalid,2025-04-18,17:03:00,-07:00,2025-04-18T17:03:00-07:00,0,4
Resume/index.html,82,html,17ff03ab,Rayyan Khalid,2025-04-04,18:18:44,-07:00,2025-04-04T18:18:44-07:00,0,9
Resume/index.html,83,html,17ff03ab,Rayyan Khalid,2025-04-04,18:18:44,-07:00,2025-04-04T18:18:44-07:00,0,8
Resume/index.html,84,html,17ff03ab,Rayyan Khalid,2025-04-04,18:18:44,-07:00,2025-04-04T18:18:44-07:00,0,64
Resume/index.html,85,html,beb7b6a6,Rayyan Khalid,2025-04-18,17:03:00,-07:00,2025-04-18T17:03:00-07:00,0,3
Resume/index.html,86,html,beb7b6a6,Rayyan Khalid,2025-04-18,17:03:00,-07:00,2025-04-18T17:03:00-07:00,0,108
Resume/index.html,87,html,beb7b6a6,Rayyan Khalid,2025-04-18,17:03:00,-07:00,2025-04-18T17:03:00-07:00,0,108
Resume/index.html,88,html,beb7b6a6,Rayyan Khalid,2025-04-18,17:03:00,-07:00,2025-04-18T17:03:00-07:00,0,103
Resume/index.html,89,html,beb7b6a6,Rayyan Khalid,2025-04-18,17:03:00,-07:00,2025-04-18T17:03:00-07:00,0,4
Resume/index.html,90,html,17ff03ab,Rayyan Khalid,2025-04-04,18:18:44,-07:00,2025-04-04T18:18:44-07:00,0,9
Resume/index.html,91,html,17ff03ab,Rayyan Khalid,2025-04-04,18:18:44,-07:00,2025-04-04T18:18:44-07:00,0,8
Resume/index.html,92,html,17ff03ab,Rayyan Khalid,2025-04-04,18:18:44,-07:00,2025-04-04T18:18:44-07:00,0,32
Resume/index.html,93,html,beb7b6a6,Rayyan Khalid,2025-04-18,17:03:00,-07:00,2025-04-18T17:03:00-07:00,0,3
Resume/index.html,94,html,beb7b6a6,Rayyan Khalid,2025-04-18,17:03:00,-07:00,2025-04-18T17:03:00-07:00,0,234
Resume/index.html,95,html,beb7b6a6,Rayyan Khalid,2025-04-18,17:03:00,-07:00,2025-04-18T17:03:00-07:00,0,125
Resume/index.html,96,html,beb7b6a6,Rayyan Khalid,2025-04-18,17:03:00,-07:00,2025-04-18T17:03:00-07:00,0,4
Resume/index.html,97,html,17ff03ab,Rayyan Khalid,2025-04-04,18:18:44,-07:00,2025-04-04T18:18:44-07:00,0,9
Resume/index.html,98,html,17ff03ab,Rayyan Khalid,2025-04-04,18:18:44,-07:00,2025-04-04T18:18:44-07:00,0,8
Resume/index.html,99,html,17ff03ab,Rayyan Khalid,2025-04-04,18:18:44,-07:00,2025-04-04T18:18:44-07:00,0,49
Resume/index.html,100,html,beb7b6a6,Rayyan Khalid,2025-04-18,17:03:00,-07:00,2025-04-18T17:03:00-07:00,0,3
Resume/index.html,101,html,beb7b6a6,Rayyan Khalid,2025-04-18,17:03:00,-07:00,2025-04-18T17:03:00-07:00,0,224
Resume/index.html,102,html,beb7b6a6,Rayyan Khalid,2025-04-18,17:03:00,-07:00,2025-04-18T17:03:00-07:00,0,203
Resume/index.html,103,html,beb7b6a6,Rayyan Khalid,2025-04-18,17:03:00,-07:00,2025-04-18T17:03:00-07:00,0,4
Resume/index.html,104,html,17ff03ab,Rayyan Khalid,2025-04-04,18:18:44,-07:00,2025-04-04T18:18:44-07:00,0,9
Resume/index.html,105,html,17ff03ab,Rayyan Khalid,2025-04-04,18:18:44,-07:00,2025-04-04T18:18:44-07:00,0,8
Resume/index.html,106,html,17ff03ab,Rayyan Khalid,2025-04-04,18:18:44,-07:00,2025-04-04T18:18:44-07:00,0,45
Resume/index.html,107,html,beb7b6a6,Rayyan Khalid,2025-04-18,17:03:00,-07:00,2025-04-18T17:03:00-07:00,0,3
Resume/index.html,108,html,beb7b6a6,Rayyan Khalid,2025-04-18,17:03:00,-07:00,2025-04-18T17:03:00-07:00,0,207
Resume/index.html,109,html,beb7b6a6,Rayyan Khalid,2025-04-18,17:03:00,-07:00,2025-04-18T17:03:00-07:00,0,173
Resume/index.html,110,html,beb7b6a6,Rayyan Khalid,2025-04-18,17:03:00,-07:00,2025-04-18T17:03:00-07:00,0,4
Resume/index.html,111,html,17ff03ab,Rayyan Khalid,2025-04-04,18:18:44,-07:00,2025-04-04T18:18:44-07:00,0,9
Resume/index.html,112,html,17ff03ab,Rayyan Khalid,2025-04-04,18:18:44,-07:00,2025-04-04T18:18:44-07:00,0,8
Resume/index.html,113,html,17ff03ab,Rayyan Khalid,2025-04-04,18:18:44,-07:00,2025-04-04T18:18:44-07:00,0,26
Resume/index.html,114,html,beb7b6a6,Rayyan Khalid,2025-04-18,17:03:00,-07:00,2025-04-18T17:03:00-07:00,0,3
Resume/index.html,115,html,beb7b6a6,Rayyan Khalid,2025-04-18,17:03:00,-07:00,2025-04-18T17:03:00-07:00,0,236
Resume/index.html,116,html,beb7b6a6,Rayyan Khalid,2025-04-18,17:03:00,-07:00,2025-04-18T17:03:00-07:00,0,4
Resume/index.html,117,html,17ff03ab,Rayyan Khalid,2025-04-04,18:18:44,-07:00,2025-04-04T18:18:44-07:00,0,9
Resume/index.html,118,html,17ff03ab,Rayyan Khalid,2025-04-04,18:18:44,-07:00,2025-04-04T18:18:44-07:00,0,8
Resume/index.html,119,html,17ff03ab,Rayyan Khalid,2025-04-04,18:18:44,-07:00,2025-04-04T18:18:44-07:00,0,32
Resume/index.html,120,html,beb7b6a6,Rayyan Khalid,2025-04-18,17:03:00,-07:00,2025-04-18T17:03:00-07:00,0,3
Resume/index.html,121,html,beb7b6a6,Rayyan Khalid,2025-04-18,17:03:00,-07:00,2025-04-18T17:03:00-07:00,0,198
Resume/index.html,122,html,beb7b6a6,Rayyan Khalid,2025-04-18,17:03:00,-07:00,2025-04-18T17:03:00-07:00,0,200
Resume/index.html,123,html,beb7b6a6,Rayyan Khalid,2025-04-18,17:03:00,-07:00,2025-04-18T17:03:00-07:00,0,4
Resume/index.html,124,html,17ff03ab,Rayyan Khalid,2025-04-04,18:18:44,-07:00,2025-04-04T18:18:44-07:00,0,9
Resume/index.html,125,html,17ff03ab,Rayyan Khalid,2025-04-04,18:18:44,-07:00,2025-04-04T18:18:44-07:00,0,8
Resume/index.html,126,html,17ff03ab,Rayyan Khalid,2025-04-04,18:18:44,-07:00,2025-04-04T18:18:44-07:00,0,40
Resume/index.html,127,html,beb7b6a6,Rayyan Khalid,2025-04-18,17:03:00,-07:00,2025-04-18T17:03:00-07:00,0,3
Resume/index.html,128,html,beb7b6a6,Rayyan Khalid,2025-04-18,17:03:00,-07:00,2025-04-18T17:03:00-07:00,0,229
Resume/index.html,129,html,beb7b6a6,Rayyan Khalid,2025-04-18,17:03:00,-07:00,2025-04-18T17:03:00-07:00,0,210
Resume/index.html,130,html,beb7b6a6,Rayyan Khalid,2025-04-18,17:03:00,-07:00,2025-04-18T17:03:00-07:00,0,4
Resume/index.html,131,html,17ff03ab,Rayyan Khalid,2025-04-04,18:18:44,-07:00,2025-04-04T18:18:44-07:00,0,9
Resume/index.html,132,html,17ff03ab,Rayyan Khalid,2025-04-04,18:18:44,-07:00,2025-04-04T18:18:44-07:00,0,8
Resume/index.html,133,html,17ff03ab,Rayyan Khalid,2025-04-04,18:18:44,-07:00,2025-04-04T18:18:44-07:00,0,30
Resume/index.html,134,html,beb7b6a6,Rayyan Khalid,2025-04-18,17:03:00,-07:00,2025-04-18T17:03:00-07:00,0,3
Resume/index.html,135,html,beb7b6a6,Rayyan Khalid,2025-04-18,17:03:00,-07:00,2025-04-18T17:03:00-07:00,0,183
Resume/index.html,136,html,beb7b6a6,Rayyan Khalid,2025-04-18,17:03:00,-07:00,2025-04-18T17:03:00-07:00,0,170
Resume/index.html,137,html,beb7b6a6,Rayyan Khalid,2025-04-18,17:03:00,-07:00,2025-04-18T17:03:00-07:00,0,4
Resume/index.html,138,html,17ff03ab,Rayyan Khalid,2025-04-04,18:18:44,-07:00,2025-04-04T18:18:44-07:00,0,9
Resume/index.html,139,html,17ff03ab,Rayyan Khalid,2025-04-04,18:18:44,-07:00,2025-04-04T18:18:44-07:00,0,8
Resume/index.html,140,html,17ff03ab,Rayyan Khalid,2025-04-04,18:18:44,-07:00,2025-04-04T18:18:44-07:00,0,25
Resume/index.html,141,html,beb7b6a6,Rayyan Khalid,2025-04-18,17:03:00,-07:00,2025-04-18T17:03:00-07:00,0,3
Resume/index.html,142,html,beb7b6a6,Rayyan Khalid,2025-04-18,17:03:00,-07:00,2025-04-18T17:03:00-07:00,0,233
Resume/index.html,143,html,beb7b6a6,Rayyan Khalid,2025-04-18,17:03:00,-07:00,2025-04-18T17:03:00-07:00,0,234
Resume/index.html,144,html,beb7b6a6,Rayyan Khalid,2025-04-18,17:03:00,-07:00,2025-04-18T17:03:00-07:00,0,4
Resume/index.html,145,html,17ff03ab,Rayyan Khalid,2025-04-04,18:18:44,-07:00,2025-04-04T18:18:44-07:00,0,9
Resume/index.html,146,html,17ff03ab,Rayyan Khalid,2025-04-04,18:18:44,-07:00,2025-04-04T18:18:44-07:00,0,8
Resume/index.html,147,html,17ff03ab,Rayyan Khalid,2025-04-04,18:18:44,-07:00,2025-04-04T18:18:44-07:00,0,59
Resume/index.html,148,html,beb7b6a6,Rayyan Khalid,2025-04-18,17:03:00,-07:00,2025-04-18T17:03:00-07:00,0,3
Resume/index.html,149,html,beb7b6a6,Rayyan Khalid,2025-04-18,17:03:00,-07:00,2025-04-18T17:03:00-07:00,0,227
Resume/index.html,150,html,beb7b6a6,Rayyan Khalid,2025-04-18,17:03:00,-07:00,2025-04-18T17:03:00-07:00,0,219
Resume/index.html,151,html,beb7b6a6,Rayyan Khalid,2025-04-18,17:03:00,-07:00,2025-04-18T17:03:00-07:00,0,4
Resume/index.html,152,html,17ff03ab,Rayyan Khalid,2025-04-04,18:18:44,-07:00,2025-04-04T18:18:44-07:00,0,9
Resume/index.html,153,html,17ff03ab,Rayyan Khalid,2025-04-04,18:18:44,-07:00,2025-04-04T18:18:44-07:00,0,8
Resume/index.html,154,html,17ff03ab,Rayyan Khalid,2025-04-04,18:18:44,-07:00,2025-04-04T18:18:44-07:00,0,67
Resume/index.html,155,html,beb7b6a6,Rayyan Khalid,2025-04-18,17:03:00,-07:00,2025-04-18T17:03:00-07:00,0,3
Resume/index.html,156,html,beb7b6a6,Rayyan Khalid,2025-04-18,17:03:00,-07:00,2025-04-18T17:03:00-07:00,0,347
Resume/index.html,157,html,beb7b6a6,Rayyan Khalid,2025-04-18,17:03:00,-07:00,2025-04-18T17:03:00-07:00,0,231
Resume/index.html,158,html,beb7b6a6,Rayyan Khalid,2025-04-18,17:03:00,-07:00,2025-04-18T17:03:00-07:00,0,4
Resume/index.html,159,html,17ff03ab,Rayyan Khalid,2025-04-04,18:18:44,-07:00,2025-04-04T18:18:44-07:00,0,9
Resume/index.html,160,html,17ff03ab,Rayyan Khalid,2025-04-04,18:18:44,-07:00,2025-04-04T18:18:44-07:00,0,9
Resume/index.html,161,html,17ff03ab,Rayyan Khalid,2025-04-04,18:18:44,-07:00,2025-04-04T18:18:44-07:00,0,9
Resume/index.html,162,html,beb7b6a6,Rayyan Khalid,2025-04-18,17:03:00,-07:00,2025-04-18T17:03:00-07:00,0,0
Resume/index.html,163,html,17ff03ab,Rayyan Khalid,2025-04-04,18:18:44,-07:00,2025-04-04T18:18:44-07:00,0,8
Resume/index.html,164,html,17ff03ab,Rayyan Khalid,2025-04-04,18:18:44,-07:00,2025-04-04T18:18:44-07:00,0,34
Resume/index.html,165,html,17ff03ab,Rayyan Khalid,2025-04-04,18:18:44,-07:00,2025-04-04T18:18:44-07:00,0,8
Resume/index.html,166,html,17ff03ab,Rayyan Khalid,2025-04-04,18:18:44,-07:00,2025-04-04T18:18:44-07:00,0,37
Resume/index.html,167,html,17ff03ab,Rayyan Khalid,2025-04-04,18:18:44,-07:00,2025-04-04T18:18:44-07:00,0,51
Resume/index.html,168,html,beb7b6a6,Rayyan Khalid,2025-04-18,17:03:00,-07:00,2025-04-18T17:03:00-07:00,0,3
Resume/index.html,169,html,beb7b6a6,Rayyan Khalid,2025-04-18,17:03:00,-07:00,2025-04-18T17:03:00-07:00,0,247
Resume/index.html,170,html,beb7b6a6,Rayyan Khalid,2025-04-18,17:03:00,-07:00,2025-04-18T17:03:00-07:00,0,4
Resume/index.html,171,html,17ff03ab,Rayyan Khalid,2025-04-04,18:18:44,-07:00,2025-04-04T18:18:44-07:00,0,9
Resume/index.html,172,html,17ff03ab,Rayyan Khalid,2025-04-04,18:18:44,-07:00,2025-04-04T18:18:44-07:00,0,8
Resume/index.html,173,html,17ff03ab,Rayyan Khalid,2025-04-04,18:18:44,-07:00,2025-04-04T18:18:44-07:00,0,59
Resume/index.html,174,html,17ff03ab,Rayyan Khalid,2025-04-04,18:18:44,-07:00,2025-04-04T18:18:44-07:00,0,55
Resume/index.html,175,html,beb7b6a6,Rayyan Khalid,2025-04-18,17:03:00,-07:00,2025-04-18T17:03:00-07:00,0,3
Resume/index.html,176,html,beb7b6a6,Rayyan Khalid,2025-04-18,17:03:00,-07:00,2025-04-18T17:03:00-07:00,0,210
Resume/index.html,177,html,beb7b6a6,Rayyan Khalid,2025-04-18,17:03:00,-07:00,2025-04-18T17:03:00-07:00,0,4
Resume/index.html,178,html,17ff03ab,Rayyan Khalid,2025-04-04,18:18:44,-07:00,2025-04-04T18:18:44-07:00,0,9
Resume/index.html,179,html,17ff03ab,Rayyan Khalid,2025-04-04,18:18:44,-07:00,2025-04-04T18:18:44-07:00,0,8
Resume/index.html,180,html,17ff03ab,Rayyan Khalid,2025-04-04,18:18:44,-07:00,2025-04-04T18:18:44-07:00,0,35
Resume/index.html,181,html,17ff03ab,Rayyan Khalid,2025-04-04,18:18:44,-07:00,2025-04-04T18:18:44-07:00,0,47
Resume/index.html,182,html,beb7b6a6,Rayyan Khalid,2025-04-18,17:03:00,-07:00,2025-04-18T17:03:00-07:00,0,3
Resume/index.html,183,html,beb7b6a6,Rayyan Khalid,2025-04-18,17:03:00,-07:00,2025-04-18T17:03:00-07:00,0,219
Resume/index.html,184,html,beb7b6a6,Rayyan Khalid,2025-04-18,17:03:00,-07:00,2025-04-18T17:03:00-07:00,0,4
Resume/index.html,185,html,17ff03ab,Rayyan Khalid,2025-04-04,18:18:44,-07:00,2025-04-04T18:18:44-07:00,0,9
Resume/index.html,186,html,17ff03ab,Rayyan Khalid,2025-04-04,18:18:44,-07:00,2025-04-04T18:18:44-07:00,0,0
Resume/index.html,187,html,17ff03ab,Rayyan Khalid,2025-04-04,18:18:44,-07:00,2025-04-04T18:18:44-07:00,0,9
Resume/index.html,188,html,beb7b6a6,Rayyan Khalid,2025-04-18,17:03:00,-07:00,2025-04-18T17:03:00-07:00,0,49
Resume/index.html,189,html,beb7b6a6,Rayyan Khalid,2025-04-18,17:03:00,-07:00,2025-04-18T17:03:00-07:00,0,0
Resume/index.html,190,html,17ff03ab,Rayyan Khalid,2025-04-04,18:18:44,-07:00,2025-04-04T18:18:44-07:00,0,6
Resume/index.html,191,html,17ff03ab,Rayyan Khalid,2025-04-04,18:18:44,-07:00,2025-04-04T18:18:44-07:00,0,6
Projects/projects.js,1,js,2dcbafc8,Rayyan Khalid,2025-04-26,23:58:58,-07:00,2025-04-26T23:58:58-07:00,0,56
Projects/projects.js,2,js,18dad5dd,Rayyan Khalid,2025-05-03,18:51:42,-07:00,2025-05-03T18:51:42-07:00,0,60
Projects/projects.js,3,js,18dad5dd,Rayyan Khalid,2025-05-03,18:51:42,-07:00,2025-05-03T18:51:42-07:00,0,0
Projects/projects.js,4,js,18dad5dd,Rayyan Khalid,2025-05-03,18:51:42,-07:00,2025-05-03T18:51:42-07:00,0,22
Projects/projects.js,5,js,18dad5dd,Rayyan Khalid,2025-05-03,18:51:42,-07:00,2025-05-03T18:51:42-07:00,0,13
Projects/projects.js,6,js,2dcbafc8,Rayyan Khalid,2025-04-26,23:58:58,-07:00,2025-04-26T23:58:58-07:00,0,0
Projects/projects.js,7,js,2dcbafc8,Rayyan Khalid,2025-04-26,23:58:58,-07:00,2025-04-26T23:58:58-07:00,0,56
Projects/projects.js,8,js,2dcbafc8,Rayyan Khalid,2025-04-26,23:58:58,-07:00,2025-04-26T23:58:58-07:00,0,61
Projects/projects.js,9,js,2dcbafc8,Rayyan Khalid,2025-04-26,23:58:58,-07:00,2025-04-26T23:58:58-07:00,0,49
Projects/projects.js,10,js,2dcbafc8,Rayyan Khalid,2025-04-26,23:58:58,-07:00,2025-04-26T23:58:58-07:00,0,0
Projects/projects.js,11,js,18dad5dd,Rayyan Khalid,2025-05-03,18:51:42,-07:00,2025-05-03T18:51:42-07:00,0,14
Projects/projects.js,12,js,18dad5dd,Rayyan Khalid,2025-05-03,18:51:42,-07:00,2025-05-03T18:51:42-07:00,0,56
Projects/projects.js,13,js,18dad5dd,Rayyan Khalid,2025-05-03,18:51:42,-07:00,2025-05-03T18:51:42-07:00,0,0
Projects/projects.js,14,js,18dad5dd,Rayyan Khalid,2025-05-03,18:51:42,-07:00,2025-05-03T18:51:42-07:00,0,49
Projects/projects.js,15,js,18dad5dd,Rayyan Khalid,2025-05-03,18:51:42,-07:00,2025-05-03T18:51:42-07:00,0,40
Projects/projects.js,16,js,18dad5dd,Rayyan Khalid,2025-05-03,18:51:42,-07:00,2025-05-03T18:51:42-07:00,0,38
Projects/projects.js,17,js,18dad5dd,Rayyan Khalid,2025-05-03,18:51:42,-07:00,2025-05-03T18:51:42-07:00,0,0
Projects/projects.js,18,js,18dad5dd,Rayyan Khalid,2025-05-03,18:51:42,-07:00,2025-05-03T18:51:42-07:00,0,52
Projects/projects.js,19,js,18dad5dd,Rayyan Khalid,2025-05-03,18:51:42,-07:00,2025-05-03T18:51:42-07:00,0,45
Projects/projects.js,20,js,18dad5dd,Rayyan Khalid,2025-05-03,18:51:42,-07:00,2025-05-03T18:51:42-07:00,0,46
Projects/projects.js,21,js,18dad5dd,Rayyan Khalid,2025-05-03,18:51:42,-07:00,2025-05-03T18:51:42-07:00,0,27
Projects/projects.js,22,js,18dad5dd,Rayyan Khalid,2025-05-03,18:51:42,-07:00,2025-05-03T18:51:42-07:00,0,2
Projects/projects.js,23,js,18dad5dd,Rayyan Khalid,2025-05-03,18:51:42,-07:00,2025-05-03T18:51:42-07:00,0,0
Projects/projects.js,24,js,18dad5dd,Rayyan Khalid,2025-05-03,18:51:42,-07:00,2025-05-03T18:51:42-07:00,0,57
Projects/projects.js,25,js,18dad5dd,Rayyan Khalid,2025-05-03,18:51:42,-07:00,2025-05-03T18:51:42-07:00,0,32
Projects/projects.js,26,js,18dad5dd,Rayyan Khalid,2025-05-03,18:51:42,-07:00,2025-05-03T18:51:42-07:00,0,2
Projects/projects.js,27,js,18dad5dd,Rayyan Khalid,2025-05-03,18:51:42,-07:00,2025-05-03T18:51:42-07:00,0,0
Projects/projects.js,28,js,18dad5dd,Rayyan Khalid,2025-05-03,18:51:42,-07:00,2025-05-03T18:51:42-07:00,0,24
Projects/projects.js,29,js,18dad5dd,Rayyan Khalid,2025-05-03,18:51:42,-07:00,2025-05-03T18:51:42-07:00,0,0
Projects/projects.js,30,js,2dcbafc8,Rayyan Khalid,2025-04-26,23:58:58,-07:00,2025-04-26T23:58:58-07:00,0,39
Projects/projects.js,31,js,2dcbafc8,Rayyan Khalid,2025-04-26,23:58:58,-07:00,2025-04-26T23:58:58-07:00,0,63
Projects/projects.js,32,js,2dcbafc8,Rayyan Khalid,2025-04-26,23:58:58,-07:00,2025-04-26T23:58:58-07:00,0,31
Projects/projects.js,33,js,2dcbafc8,Rayyan Khalid,2025-04-26,23:58:58,-07:00,2025-04-26T23:58:58-07:00,0,52
Projects/projects.js,34,js,2dcbafc8,Rayyan Khalid,2025-04-26,23:58:58,-07:00,2025-04-26T23:58:58-07:00,0,0
Projects/projects.js,35,js,18dad5dd,Rayyan Khalid,2025-05-03,18:51:42,-07:00,2025-05-03T18:51:42-07:00,0,0
Projects/projects.js,36,js,18dad5dd,Rayyan Khalid,2025-05-03,18:51:42,-07:00,2025-05-03T18:51:42-07:00,0,39
Projects/projects.js,37,js,18dad5dd,Rayyan Khalid,2025-05-03,18:51:42,-07:00,2025-05-03T18:51:42-07:00,0,27
Projects/projects.js,38,js,18dad5dd,Rayyan Khalid,2025-05-03,18:51:42,-07:00,2025-05-03T18:51:42-07:00,0,13
Projects/projects.js,39,js,18dad5dd,Rayyan Khalid,2025-05-03,18:51:42,-07:00,2025-05-03T18:51:42-07:00,0,15
Projects/projects.js,40,js,18dad5dd,Rayyan Khalid,2025-05-03,18:51:42,-07:00,2025-05-03T18:51:42-07:00,0,13
Projects/projects.js,41,js,18dad5dd,Rayyan Khalid,2025-05-03,18:51:42,-07:00,2025-05-03T18:51:42-07:00,0,1
Projects/projects.js,42,js,18dad5dd,Rayyan Khalid,2025-05-03,18:51:42,-07:00,2025-05-03T18:51:42-07:00,0,0
Projects/projects.js,43,js,18dad5dd,Rayyan Khalid,2025-05-03,18:51:42,-07:00,2025-05-03T18:51:42-07:00,0,42
Projects/projects.js,44,js,18dad5dd,Rayyan Khalid,2025-05-03,18:51:42,-07:00,2025-05-03T18:51:42-07:00,0,12
Projects/projects.js,45,js,18dad5dd,Rayyan Khalid,2025-05-03,18:51:42,-07:00,2025-05-03T18:51:42-07:00,0,10
Projects/projects.js,46,js,18dad5dd,Rayyan Khalid,2025-05-03,18:51:42,-07:00,2025-05-03T18:51:42-07:00,0,3
Projects/projects.js,47,js,18dad5dd,Rayyan Khalid,2025-05-03,18:51:42,-07:00,2025-05-03T18:51:42-07:00,0,0
Projects/projects.js,48,js,18dad5dd,Rayyan Khalid,2025-05-03,18:51:42,-07:00,2025-05-03T18:51:42-07:00,0,58
Projects/projects.js,49,js,18dad5dd,Rayyan Khalid,2025-05-03,18:51:42,-07:00,2025-05-03T18:51:42-07:00,0,51
Projects/projects.js,50,js,18dad5dd,Rayyan Khalid,2025-05-03,18:51:42,-07:00,2025-05-03T18:51:42-07:00,0,34
Projects/projects.js,51,js,18dad5dd,Rayyan Khalid,2025-05-03,18:51:42,-07:00,2025-05-03T18:51:42-07:00,0,48
Projects/projects.js,52,js,18dad5dd,Rayyan Khalid,2025-05-03,18:51:42,-07:00,2025-05-03T18:51:42-07:00,0,0
Projects/projects.js,53,js,18dad5dd,Rayyan Khalid,2025-05-03,18:51:42,-07:00,2025-05-03T18:51:42-07:00,0,41
Projects/projects.js,54,js,18dad5dd,Rayyan Khalid,2025-05-03,18:51:42,-07:00,2025-05-03T18:51:42-07:00,0,30
Projects/projects.js,55,js,18dad5dd,Rayyan Khalid,2025-05-03,18:51:42,-07:00,2025-05-03T18:51:42-07:00,0,0
Projects/projects.js,56,js,18dad5dd,Rayyan Khalid,2025-05-03,18:51:42,-07:00,2025-05-03T18:51:42-07:00,0,26
Projects/projects.js,57,js,18dad5dd,Rayyan Khalid,2025-05-03,18:51:42,-07:00,2025-05-03T18:51:42-07:00,0,17
Projects/projects.js,58,js,18dad5dd,Rayyan Khalid,2025-05-03,18:51:42,-07:00,2025-05-03T18:51:42-07:00,0,26
Projects/projects.js,59,js,18dad5dd,Rayyan Khalid,2025-05-03,18:51:42,-07:00,2025-05-03T18:51:42-07:00,0,23
Projects/projects.js,60,js,18dad5dd,Rayyan Khalid,2025-05-03,18:51:42,-07:00,2025-05-03T18:51:42-07:00,0,52
Projects/projects.js,61,js,18dad5dd,Rayyan Khalid,2025-05-03,18:51:42,-07:00,2025-05-03T18:51:42-07:00,0,19
Projects/projects.js,62,js,18dad5dd,Rayyan Khalid,2025-05-03,18:51:42,-07:00,2025-05-03T18:51:42-07:00,0,44
Projects/projects.js,63,js,18dad5dd,Rayyan Khalid,2025-05-03,18:51:42,-07:00,2025-05-03T18:51:42-07:00,0,38
Projects/projects.js,64,js,18dad5dd,Rayyan Khalid,2025-05-03,18:51:42,-07:00,2025-05-03T18:51:42-07:00,0,49
Projects/projects.js,65,js,18dad5dd,Rayyan Khalid,2025-05-03,18:51:42,-07:00,2025-05-03T18:51:42-07:00,0,24
Projects/projects.js,66,js,18dad5dd,Rayyan Khalid,2025-05-03,18:51:42,-07:00,2025-05-03T18:51:42-07:00,0,1
Projects/projects.js,67,js,18dad5dd,Rayyan Khalid,2025-05-03,18:51:42,-07:00,2025-05-03T18:51:42-07:00,0,15
Projects/projects.js,68,js,18dad5dd,Rayyan Khalid,2025-05-03,18:51:42,-07:00,2025-05-03T18:51:42-07:00,0,54
Projects/projects.js,69,js,18dad5dd,Rayyan Khalid,2025-05-03,18:51:42,-07:00,2025-05-03T18:51:42-07:00,0,2
Projects/projects.js,70,js,18dad5dd,Rayyan Khalid,2025-05-03,18:51:42,-07:00,2025-05-03T18:51:42-07:00,0,0
Projects/projects.js,71,js,18dad5dd,Rayyan Khalid,2025-05-03,18:51:42,-07:00,2025-05-03T18:51:42-07:00,0,33
Projects/projects.js,72,js,18dad5dd,Rayyan Khalid,2025-05-03,18:51:42,-07:00,2025-05-03T18:51:42-07:00,0,31
Projects/projects.js,73,js,18dad5dd,Rayyan Khalid,2025-05-03,18:51:42,-07:00,2025-05-03T18:51:42-07:00,0,0
Projects/projects.js,74,js,1c9dc0d8,Rayyan Khalid,2025-05-03,19:00:11,-07:00,2025-05-03T19:00:11-07:00,0,23
Projects/projects.js,75,js,1c9dc0d8,Rayyan Khalid,2025-05-03,19:00:11,-07:00,2025-05-03T19:00:11-07:00,0,5
Projects/projects.js,76,js,1c9dc0d8,Rayyan Khalid,2025-05-03,19:00:11,-07:00,2025-05-03T19:00:11-07:00,0,12
Projects/projects.js,77,js,1c9dc0d8,Rayyan Khalid,2025-05-03,19:00:11,-07:00,2025-05-03T19:00:11-07:00,0,75
Projects/projects.js,78,js,1c9dc0d8,Rayyan Khalid,2025-05-03,19:00:11,-07:00,2025-05-03T19:00:11-07:00,0,65
Projects/projects.js,79,js,1c9dc0d8,Rayyan Khalid,2025-05-03,19:00:11,-07:00,2025-05-03T19:00:11-07:00,0,69
Projects/projects.js,80,js,1c9dc0d8,Rayyan Khalid,2025-05-03,19:00:11,-07:00,2025-05-03T19:00:11-07:00,0,19
Projects/projects.js,81,js,1c9dc0d8,Rayyan Khalid,2025-05-03,19:00:11,-07:00,2025-05-03T19:00:11-07:00,0,44
Projects/projects.js,82,js,1c9dc0d8,Rayyan Khalid,2025-05-03,19:00:11,-07:00,2025-05-03T19:00:11-07:00,0,38
Projects/projects.js,83,js,1c9dc0d8,Rayyan Khalid,2025-05-03,19:00:11,-07:00,2025-05-03T19:00:11-07:00,0,49
Projects/projects.js,84,js,1c9dc0d8,Rayyan Khalid,2025-05-03,19:00:11,-07:00,2025-05-03T19:00:11-07:00,0,24
Projects/projects.js,85,js,18dad5dd,Rayyan Khalid,2025-05-03,18:51:42,-07:00,2025-05-03T18:51:42-07:00,0,2
Projects/projects.js,86,js,1c9dc0d8,Rayyan Khalid,2025-05-03,19:00:11,-07:00,2025-05-03T19:00:11-07:00,0,2
Projects/projects.js,87,js,1c9dc0d8,Rayyan Khalid,2025-05-03,19:00:11,-07:00,2025-05-03T19:00:11-07:00,0,0
Projects/projects.js,88,js,18dad5dd,Rayyan Khalid,2025-05-03,18:51:42,-07:00,2025-05-03T18:51:42-07:00,0,0
Projects/projects.js,89,js,18dad5dd,Rayyan Khalid,2025-05-03,18:51:42,-07:00,2025-05-03T18:51:42-07:00,0,0
Projects/projects.js,90,js,18dad5dd,Rayyan Khalid,2025-05-03,18:51:42,-07:00,2025-05-03T18:51:42-07:00,0,0
Projects/projects.js,91,js,18dad5dd,Rayyan Khalid,2025-05-03,18:51:42,-07:00,2025-05-03T18:51:42-07:00,0,31
Projects/projects.js,92,js,18dad5dd,Rayyan Khalid,2025-05-03,18:51:42,-07:00,2025-05-03T18:51:42-07:00,0,36
Projects/projects.js,93,js,18dad5dd,Rayyan Khalid,2025-05-03,18:51:42,-07:00,2025-05-03T18:51:42-07:00,0,41
Projects/projects.js,94,js,18dad5dd,Rayyan Khalid,2025-05-03,18:51:42,-07:00,2025-05-03T18:51:42-07:00,0,53
Projects/projects.js,95,js,18dad5dd,Rayyan Khalid,2025-05-03,18:51:42,-07:00,2025-05-03T18:51:42-07:00,0,19
Projects/projects.js,96,js,18dad5dd,Rayyan Khalid,2025-05-03,18:51:42,-07:00,2025-05-03T18:51:42-07:00,0,52
Projects/projects.js,97,js,18dad5dd,Rayyan Khalid,2025-05-03,18:51:42,-07:00,2025-05-03T18:51:42-07:00,0,0
Projects/projects.js,98,js,18dad5dd,Rayyan Khalid,2025-05-03,18:51:42,-07:00,2025-05-03T18:51:42-07:00,0,18
Projects/projects.js,99,js,18dad5dd,Rayyan Khalid,2025-05-03,18:51:42,-07:00,2025-05-03T18:51:42-07:00,0,67
Projects/projects.js,100,js,18dad5dd,Rayyan Khalid,2025-05-03,18:51:42,-07:00,2025-05-03T18:51:42-07:00,0,0
Projects/projects.js,101,js,18dad5dd,Rayyan Khalid,2025-05-03,18:51:42,-07:00,2025-05-03T18:51:42-07:00,0,34
Projects/projects.js,102,js,18dad5dd,Rayyan Khalid,2025-05-03,18:51:42,-07:00,2025-05-03T18:51:42-07:00,0,2
Projects/projects.js,103,js,18dad5dd,Rayyan Khalid,2025-05-03,18:51:42,-07:00,2025-05-03T18:51:42-07:00,0,0
Projects/projects.js,104,js,18dad5dd,Rayyan Khalid,2025-05-03,18:51:42,-07:00,2025-05-03T18:51:42-07:00,0,0
Projects/projects.js,105,js,18dad5dd,Rayyan Khalid,2025-05-03,18:51:42,-07:00,2025-05-03T18:51:42-07:00,0,0
Projects/projects.js,106,js,18dad5dd,Rayyan Khalid,2025-05-03,18:51:42,-07:00,2025-05-03T18:51:42-07:00,0,35
Projects/projects.js,107,js,18dad5dd,Rayyan Khalid,2025-05-03,18:51:42,-07:00,2025-05-03T18:51:42-07:00,0,0
Projects/index.html,1,html,17ff03ab,Rayyan Khalid,2025-04-04,18:18:44,-07:00,2025-04-04T18:18:44-07:00,0,14
Projects/index.html,2,html,17ff03ab,Rayyan Khalid,2025-04-04,18:18:44,-07:00,2025-04-04T18:18:44-07:00,0,15
Projects/index.html,3,html,17ff03ab,Rayyan Khalid,2025-04-04,18:18:44,-07:00,2025-04-04T18:18:44-07:00,0,5
Projects/index.html,4,html,17ff03ab,Rayyan Khalid,2025-04-04,18:18:44,-07:00,2025-04-04T18:18:44-07:00,0,21
Projects/index.html,5,html,17ff03ab,Rayyan Khalid,2025-04-04,18:18:44,-07:00,2025-04-04T18:18:44-07:00,0,69
Projects/index.html,6,html,17ff03ab,Rayyan Khalid,2025-04-04,18:18:44,-07:00,2025-04-04T18:18:44-07:00,0,38
Projects/index.html,7,html,17ff03ab,Rayyan Khalid,2025-04-04,18:18:44,-07:00,2025-04-04T18:18:44-07:00,0,42
Projects/index.html,8,html,17ff03ab,Rayyan Khalid,2025-04-04,18:18:44,-07:00,2025-04-04T18:18:44-07:00,0,6
Projects/index.html,9,html,17ff03ab,Rayyan Khalid,2025-04-04,18:18:44,-07:00,2025-04-04T18:18:44-07:00,0,5
Projects/index.html,10,html,17ff03ab,Rayyan Khalid,2025-04-04,18:18:44,-07:00,2025-04-04T18:18:44-07:00,0,0
Projects/index.html,11,html,2dcbafc8,Rayyan Khalid,2025-04-26,23:58:58,-07:00,2025-04-26T23:58:58-07:00,0,39
Projects/index.html,12,html,17ff03ab,Rayyan Khalid,2025-04-04,18:18:44,-07:00,2025-04-04T18:18:44-07:00,0,0
Projects/index.html,13,html,18dad5dd,Rayyan Khalid,2025-05-03,18:51:42,-07:00,2025-05-03T18:51:42-07:00,0,35
Projects/index.html,14,html,18dad5dd,Rayyan Khalid,2025-05-03,18:51:42,-07:00,2025-05-03T18:51:42-07:00,0,5
Projects/index.html,15,html,18dad5dd,Rayyan Khalid,2025-05-03,18:51:42,-07:00,2025-05-03T18:51:42-07:00,0,16
Projects/index.html,16,html,18dad5dd,Rayyan Khalid,2025-05-03,18:51:42,-07:00,2025-05-03T18:51:42-07:00,0,12
Projects/index.html,17,html,18dad5dd,Rayyan Khalid,2025-05-03,18:51:42,-07:00,2025-05-03T18:51:42-07:00,0,27
Projects/index.html,18,html,18dad5dd,Rayyan Khalid,2025-05-03,18:51:42,-07:00,2025-05-03T18:51:42-07:00,0,32
Projects/index.html,19,html,18dad5dd,Rayyan Khalid,2025-05-03,18:51:42,-07:00,2025-05-03T18:51:42-07:00,0,1
Projects/index.html,20,html,18dad5dd,Rayyan Khalid,2025-05-03,18:51:42,-07:00,2025-05-03T18:51:42-07:00,0,0
Projects/index.html,21,html,18dad5dd,Rayyan Khalid,2025-05-03,18:51:42,-07:00,2025-05-03T18:51:42-07:00,0,59
Projects/index.html,22,html,18dad5dd,Rayyan Khalid,2025-05-03,18:51:42,-07:00,2025-05-03T18:51:42-07:00,0,23
Projects/index.html,23,html,18dad5dd,Rayyan Khalid,2025-05-03,18:51:42,-07:00,2025-05-03T18:51:42-07:00,0,60
Projects/index.html,24,html,18dad5dd,Rayyan Khalid,2025-05-03,18:51:42,-07:00,2025-05-03T18:51:42-07:00,0,5
Projects/index.html,25,html,18dad5dd,Rayyan Khalid,2025-05-03,18:51:42,-07:00,2025-05-03T18:51:42-07:00,0,0
Projects/index.html,26,html,18dad5dd,Rayyan Khalid,2025-05-03,18:51:42,-07:00,2025-05-03T18:51:42-07:00,0,0
Projects/index.html,27,html,2dcbafc8,Rayyan Khalid,2025-04-26,23:58:58,-07:00,2025-04-26T23:58:58-07:00,0,25
Projects/index.html,28,html,2dcbafc8,Rayyan Khalid,2025-04-26,23:58:58,-07:00,2025-04-26T23:58:58-07:00,0,60
Projects/index.html,29,html,17ff03ab,Rayyan Khalid,2025-04-04,18:18:44,-07:00,2025-04-04T18:18:44-07:00,0,9
Projects/index.html,30,html,2dcbafc8,Rayyan Khalid,2025-04-26,23:58:58,-07:00,2025-04-26T23:58:58-07:00,0,0
Projects/index.html,31,html,18dad5dd,Rayyan Khalid,2025-05-03,18:51:42,-07:00,2025-05-03T18:51:42-07:00,0,0
Projects/index.html,32,html,2dcbafc8,Rayyan Khalid,2025-04-26,23:58:58,-07:00,2025-04-26T23:58:58-07:00,0,49
Projects/index.html,33,html,2dcbafc8,Rayyan Khalid,2025-04-26,23:58:58,-07:00,2025-04-26T23:58:58-07:00,0,48
Projects/index.html,34,html,beb7b6a6,Rayyan Khalid,2025-04-18,17:03:00,-07:00,2025-04-18T17:03:00-07:00,0,0
Projects/index.html,35,html,17ff03ab,Rayyan Khalid,2025-04-04,18:18:44,-07:00,2025-04-04T18:18:44-07:00,0,6
Projects/index.html,36,html,17ff03ab,Rayyan Khalid,2025-04-04,18:18:44,-07:00,2025-04-04T18:18:44-07:00,0,6
Projects/index.html,37,html,2dcbafc8,Rayyan Khalid,2025-04-26,23:58:58,-07:00,2025-04-26T23:58:58-07:00,0,0
Contact/index.html,1,html,17ff03ab,Rayyan Khalid,2025-04-04,18:18:44,-07:00,2025-04-04T18:18:44-07:00,0,14
Contact/index.html,2,html,17ff03ab,Rayyan Khalid,2025-04-04,18:18:44,-07:00,2025-04-04T18:18:44-07:00,0,15
Contact/index.html,3,html,17ff03ab,Rayyan Khalid,2025-04-04,18:18:44,-07:00,2025-04-04T18:18:44-07:00,0,5
Contact/index.html,4,html,17ff03ab,Rayyan Khalid,2025-04-04,18:18:44,-07:00,2025-04-04T18:18:44-07:00,0,21
Contact/index.html,5,html,17ff03ab,Rayyan Khalid,2025-04-04,18:18:44,-07:00,2025-04-04T18:18:44-07:00,0,69
Contact/index.html,6,html,17ff03ab,Rayyan Khalid,2025-04-04,18:18:44,-07:00,2025-04-04T18:18:44-07:00,0,37
Contact/index.html,7,html,17ff03ab,Rayyan Khalid,2025-04-04,18:18:44,-07:00,2025-04-04T18:18:44-07:00,0,42
Contact/index.html,8,html,17ff03ab,Rayyan Khalid,2025-04-04,18:18:44,-07:00,2025-04-04T18:18:44-07:00,0,6
Contact/index.html,9,html,17ff03ab,Rayyan Khalid,2025-04-04,18:18:44,-07:00,2025-04-04T18:18:44-07:00,0,5
Contact/index.html,10,html,5998c9e8,Rayyan Khalid,2025-04-11,21:01:01,-07:00,2025-04-11T21:01:01-07:00,0,0
Contact/index.html,11,html,17ff03ab,Rayyan Khalid,2025-04-04,18:18:44,-07:00,2025-04-04T18:18:44-07:00,0,0
Contact/index.html,12,html,17ff03ab,Rayyan Khalid,2025-04-04,18:18:44,-07:00,2025-04-04T18:18:44-07:00,0,15
Contact/index.html,13,html,17ff03ab,Rayyan Khalid,2025-04-04,18:18:44,-07:00,2025-04-04T18:18:44-07:00,0,0
Contact/index.html,14,html,17ff03ab,Rayyan Khalid,2025-04-04,18:18:44,-07:00,2025-04-04T18:18:44-07:00,0,0
Contact/index.html,15,html,beb7b6a6,Rayyan Khalid,2025-04-18,17:03:00,-07:00,2025-04-18T17:03:00-07:00,0,51
Contact/index.html,16,html,beb7b6a6,Rayyan Khalid,2025-04-18,17:03:00,-07:00,2025-04-18T17:03:00-07:00,0,14
Contact/index.html,17,html,beb7b6a6,Rayyan Khalid,2025-04-18,17:03:00,-07:00,2025-04-18T17:03:00-07:00,0,42
Contact/index.html,18,html,17ff03ab,Rayyan Khalid,2025-04-04,18:18:44,-07:00,2025-04-04T18:18:44-07:00,0,7
Contact/index.html,19,html,beb7b6a6,Rayyan Khalid,2025-04-18,17:03:00,-07:00,2025-04-18T17:03:00-07:00,0,14
Contact/index.html,20,html,beb7b6a6,Rayyan Khalid,2025-04-18,17:03:00,-07:00,2025-04-18T17:03:00-07:00,0,41
Contact/index.html,21,html,17ff03ab,Rayyan Khalid,2025-04-04,18:18:44,-07:00,2025-04-04T18:18:44-07:00,0,7
Contact/index.html,22,html,beb7b6a6,Rayyan Khalid,2025-04-18,17:03:00,-07:00,2025-04-18T17:03:00-07:00,0,34
Contact/index.html,23,html,beb7b6a6,Rayyan Khalid,2025-04-18,17:03:00,-07:00,2025-04-18T17:03:00-07:00,0,6
Contact/index.html,24,html,beb7b6a6,Rayyan Khalid,2025-04-18,17:03:00,-07:00,2025-04-18T17:03:00-07:00,0,0
Contact/index.html,25,html,beb7b6a6,Rayyan Khalid,2025-04-18,17:03:00,-07:00,2025-04-18T17:03:00-07:00,0,49
Contact/index.html,26,html,5998c9e8,Rayyan Khalid,2025-04-11,21:01:01,-07:00,2025-04-11T21:01:01-07:00,0,0
Contact/index.html,27,html,17ff03ab,Rayyan Khalid,2025-04-04,18:18:44,-07:00,2025-04-04T18:18:44-07:00,0,6
Contact/index.html,28,html,17ff03ab,Rayyan Khalid,2025-04-04,18:18:44,-07:00,2025-04-04T18:18:44-07:00,0,6
